<?xml version="1.0" encoding="UTF-8"?>
<beans xmlns="http://www.springframework.org/schema/beans"
       xmlns:xsi="http://www.w3.org/2001/XMLSchema-instance"
       xmlns:aop="http://www.springframework.org/schema/aop"
       xmlns:context="http://www.springframework.org/schema/context"
       xsi:schemaLocation="http://www.springframework.org/schema/beans
       http://www.springframework.org/schema/beans/spring-beans-3.0.xsd
       http://www.springframework.org/schema/context
       http://www.springframework.org/schema/context/spring-context-3.0.xsd
       http://www.springframework.org/schema/aop
       http://www.springframework.org/schema/aop/spring-aop-3.0.xsd">

	<!-- jms 连接工厂 -->
	<bean id="mqFactory" class="org.apache.activemq.pool.PooledConnectionFactory">
		<property name="connectionFactory">
			<bean class="org.apache.activemq.ActiveMQConnectionFactory">
				<property name="brokerURL" value="${MAIL_MQ_URL}" />
			</bean>
		</property>
	</bean>
	
	<!-- 发送邮件队列 -->
	<bean id="sendMailQueue" class="org.apache.activemq.command.ActiveMQQueue">
		<constructor-arg value="${MAIL_SEND_QUEUE_NAME}" />
	</bean>
	
	<!-- 发送邮件监听 -->
	<bean id="mailSenderMqListener" class="com.sfpay.mail.mq.listener.MailSendMqListener"/>
	
	<!-- 发送邮件监听容器 -->
	<bean id="CNListener" class="org.springframework.jms.listener.SimpleMessageListenerContainer">
		<property name="connectionFactory" ref="mqFactory" />
		<property name="destination" ref="sendMailQueue" />
		<property name="messageListener" ref="mailSenderMqListener" />
		<property name="sessionTransacted" value="true"/>
		<property name="concurrentConsumers" value="20"/>
	</bean>
</beans>