<?xml version="1.0" encoding="UTF-8"?>
<beans xmlns="http://www.springframework.org/schema/beans"
	xmlns:xsi="http://www.w3.org/2001/XMLSchema-instance" xmlns:context="http://www.springframework.org/schema/context"
	xmlns:p="http://www.springframework.org/schema/p"
	xsi:schemaLocation="http://www.springframework.org/schema/beans http://www.springframework.org/schema/beans/spring-beans-3.1.xsd
	http://www.springframework.org/schema/context http://www.springframework.org/schema/context/spring-context-3.1.xsd">

	<bean name="ewsServiceInvoke" parent="hessianInvokeForLongTimeout">
		<constructor-arg>
			<value>${EWS_SERVER}</value>
		</constructor-arg>
	</bean>
	
	<bean name="omsServiceInvoke" parent="hessianInvokeForLongTimeout">
		<constructor-arg>
			<value>${OMS_SERVER}</value>
		</constructor-arg>
	</bean>
</beans>