<?xml version="1.0" encoding="UTF-8"?>
<beans xmlns="http://www.springframework.org/schema/beans"
	xmlns:xsi="http://www.w3.org/2001/XMLSchema-instance" xmlns:context="http://www.springframework.org/schema/context"
	xmlns:p="http://www.springframework.org/schema/p"
	xsi:schemaLocation="http://www.springframework.org/schema/beans http://www.springframework.org/schema/beans/spring-beans-3.1.xsd
	http://www.springframework.org/schema/context http://www.springframework.org/schema/context/spring-context-3.1.xsd">

    <bean id="hessianProxyFactoryBean" class="com.sfpay.framework.common.hession.spring.HessianProxyFactoryBean" abstract="true">
        <property name="overloadEnabled" value="true"/>
        <property name="readTimeout" value="60000"/>
        <property name="connectTimeout" value="10000"/>
    </bean>
    
     <bean name="warnGroupEmpService" parent="hessianProxyFactoryBean">
		<property name="serviceUrl">
			<value>${EWS_SERVER}/warnGroupEmpService</value>
		</property>
		<property name="serviceInterface">
			<value>
				com.sfpay.ews.service.IWarnGroupEmpService
			</value>
		</property>
	</bean>
	
	 <bean name="warnGroupDefService" parent="hessianProxyFactoryBean">
		<property name="serviceUrl">
			<value>${EWS_SERVER}/warnGroupDefService</value>
		</property>
		<property name="serviceInterface">
			<value>
				com.sfpay.ews.service.IWarnGroupDefService
			</value>
		</property>
	</bean>
	
	
	 <bean name="orgHrEmpService" parent="hessianProxyFactoryBean">
		<property name="serviceUrl">
			<value>${OMS_SERVER}/orgHrEmpService</value>
		</property>
		<property name="serviceInterface">
			<value>
				com.sfpay.organ.service.IOrgHrEmpService
			</value>
		</property>
	</bean>
	
	<bean name="warnIndexDefService" parent="hessianProxyFactoryBean">
		<property name="serviceUrl">
			<value>${EWS_SERVER}/warnIndexDefServiceImpl</value>
		</property>
		<property name="serviceInterface">
			<value>
				com.sfpay.ews.service.IWarnIndexDefService
			</value>
		</property>
	</bean>
	
	<bean name="warnLogService" parent="hessianProxyFactoryBean">
		<property name="serviceUrl">
			<value>${EWS_SERVER}/warnLogServiceImpl</value>
		</property>
		<property name="serviceInterface">
			<value>
				com.sfpay.ews.service.IWarnLogService
			</value>
		</property>
	</bean>
      
    <bean name="warnIndexParamService" parent="hessianProxyFactoryBean">
		<property name="serviceUrl">
			<value>${EWS_SERVER}/warnIndexParamServiceImpl</value>
		</property>
		<property name="serviceInterface">
			<value>
				com.sfpay.ews.service.IWarnIndexParamService
			</value>
		</property>
	</bean>


	<!-- 下面是调用ews的服务接口，上面的不动 -->
	
	<bean name="ewsGroupEmpService" parent="hessianProxyFactoryBean">
		<property name="serviceUrl">
			<value>${EWS}/ewsGroupEmpService</value>
		</property>
		<property name="serviceInterface">
			<value>
				com.sfpay.ews.platform.service.IEwsGroupEmpService
			</value>
		</property>
	</bean>
	<bean name="ewsGroupDefService" parent="hessianProxyFactoryBean">
		<property name="serviceUrl">
			<value>${EWS}/ewsGroupDefService</value>
		</property>
		<property name="serviceInterface">
			<value>
				com.sfpay.ews.platform.service.IEwsGroupDefService
			</value>
		</property>
	</bean>
	<bean name="ewsIndexDefService" parent="hessianProxyFactoryBean">
		<property name="serviceUrl">
			<value>${EWS}/ewsIndexDefService</value>
		</property>
		<property name="serviceInterface">
			<value>
				com.sfpay.ews.platform.service.IEwsIndexDefService
			</value>
		</property>
	</bean>
	<bean name="ewsIndexParamService" parent="hessianProxyFactoryBean">
		<property name="serviceUrl">
			<value>${EWS}/ewsIndexParamService</value>
		</property>
		<property name="serviceInterface">
			<value>
				com.sfpay.ews.platform.service.IEwsIndexParamService
			</value>
		</property>
	</bean>
	<bean name="ewsEmpGroupReferService" parent="hessianProxyFactoryBean">
		<property name="serviceUrl">
			<value>${EWS}/ewsEmpGroupReferService</value>
		</property>
		<property name="serviceInterface">
			<value>
				com.sfpay.ews.platform.service.IEwsEmpGroupReferService
			</value>
		</property>
	</bean>
	<bean name="ewsParamService" parent="hessianProxyFactoryBean">
		<property name="serviceUrl">
			<value>${EWS}/ewsParamService</value>
		</property>
		<property name="serviceInterface">
			<value>
				com.sfpay.ews.platform.service.IEwsParamService
			</value>
		</property>
	</bean>
	<bean name="ewsInfoRecordService" parent="hessianProxyFactoryBean">
		<property name="serviceUrl">
			<value>${EWS}/ewsInfoRecordService</value>
		</property>
		<property name="serviceInterface">
			<value>
				com.sfpay.ews.platform.service.IEwsInfoRecordService
			</value>
		</property>
	</bean>
	<bean name="ewsOprRecordService" parent="hessianProxyFactoryBean">
		<property name="serviceUrl">
			<value>${EWS}/ewsOprRecordService</value>
		</property>
		<property name="serviceInterface">
			<value>
				com.sfpay.ews.platform.service.IEwsOprRecordService
			</value>
		</property>
	</bean>
	<bean name="ewsEffectService" parent="hessianProxyFactoryBean">
		<property name="serviceUrl">
			<value>${EWS}/ewsEffectService</value>
		</property>
		<property name="serviceInterface">
			<value>
				com.sfpay.ews.platform.service.IEwsEffectService
			</value>
		</property>
	</bean>
	<bean name="ewsTaskService" parent="hessianProxyFactoryBean">
		<property name="serviceUrl">
			<value>${EWS}/ewsTaskService</value>
		</property>
		<property name="serviceInterface">
			<value>
				com.sfpay.ews.platform.sch.service.IEwsTaskService
			</value>
		</property>
	</bean>
	<bean name="ewsIndexSqlService" parent="hessianProxyFactoryBean">
		<property name="serviceUrl">
			<value>${EWS}/ewsIndexSqlService</value>
		</property>
		<property name="serviceInterface">
			<value>
				com.sfpay.ews.platform.service.IEwsIndexSqlService
			</value>
		</property>
	</bean>
	<bean name="ewsRuleService" parent="hessianProxyFactoryBean">
		<property name="serviceUrl">
			<value>${EWS}/ewsRuleService</value>
		</property>
		<property name="serviceInterface">
			<value>
				com.sfpay.ews.platform.service.IEwsRuleService
			</value>
		</property>
	</bean>
	<bean name="ewsSchedulerService" parent="hessianProxyFactoryBean">
		<property name="serviceUrl">
			<value>${EWS_SCH}/ewsSchedulerService</value>
		</property>
		<property name="serviceInterface">
			<value>
				com.sfpay.ews.platform.sch.service.IEwsSchedulerService
			</value>
		</property>
	</bean>
</beans>