<?xml version="1.0" encoding="UTF-8"?>
<beans xmlns="http://www.springframework.org/schema/beans"
    xmlns:aop="http://www.springframework.org/schema/aop" xmlns:tx="http://www.springframework.org/schema/tx"
    xmlns:xsi="http://www.w3.org/2001/XMLSchema-instance" xmlns:context="http://www.springframework.org/schema/context"
    xmlns:p="http://www.springframework.org/schema/p"
    xsi:schemaLocation="http://www.springframework.org/schema/beans 
    http://www.springframework.org/schema/beans/spring-beans-3.0.xsd 
    http://www.springframework.org/schema/aop 
    http://www.springframework.org/schema/aop/spring-aop-3.0.xsd 
    http://www.springframework.org/schema/tx  
    http://www.springframework.org/schema/tx/spring-tx-3.0.xsd 
    http://www.springframework.org/schema/context
    http://www.springframework.org/schema/context/spring-context-3.0.xsd">
    
    <!-- 属性文件读入 -->

     <bean id="propertyConfigurer"
        class="org.springframework.beans.factory.config.PropertyPlaceholderConfigurer">
        <property name="locations">
            <list>
                <value>classpath:${profile.properties}/*.properties</value>
            </list>
        </property>
    </bean>       
    
    <import resource="classpath:beans/beans-services.xml" />
    <import resource="classpath:beans/beans-resource.xml" />
    <import resource="classpath:beans/beans-hessian.xml"/>
    
    	<!-- 自动扫描了所有的XxxxMapper.java，这样就不用一个一个手动配置Mpper的映射了，只要Mapper接口类和Mapper映射文件对应起来就可以了。 -->
	<bean class="org.mybatis.spring.mapper.MapperScannerConfigurer">
		<property name="basePackage" value="com.sfpay.ews.dao" />
	</bean>
	
	<!-- 扫描指定package下所有带有如@controller,@services,@resource,并把所注释的注册为Spring Beans -->
	<context:component-scan base-package="com.sfpay.ews" />
     
    <!-- 激活annotation功能 -->
    <context:annotation-config />
    <context:spring-configured />
    
</beans>
