<?xml version="1.0" encoding="utf-8"?>   

<accessconfig>
	<!-- 批量查询路由 -->
	<ServiceName name="queryBillStandard">
		<row>3:7</row>	<!-- 给定的服务新老比例是3新7老 -->
		<row on="true">0:10</row>	<!-- 给定的服务新全部走老接口 -->
		<row>10:0</row>	<!-- 给定的服务新全部走新接口 -->
	</ServiceName>
	
		<!-- 批量查询路由 -->
	<ServiceName name="queryAllBarRecordList">
		<row on="true">3:7</row>	<!-- 给定的服务新老比例是3新7老 -->
		<row>0:10</row>	<!-- 给定的服务新全部走老接口 -->
		<row>10:0</row>	<!-- 给定的服务新全部走新接口 -->
	</ServiceName>
</accessconfig>   
