<?xml version="1.0" encoding="UTF-8"?>
<beans xmlns="http://www.springframework.org/schema/beans"
       xmlns:xsi="http://www.w3.org/2001/XMLSchema-instance"
       xmlns:aop="http://www.springframework.org/schema/aop"
       xmlns:context="http://www.springframework.org/schema/context"
       xsi:schemaLocation="http://www.springframework.org/schema/beans
       http://www.springframework.org/schema/beans/spring-beans-3.0.xsd
       http://www.springframework.org/schema/context
       http://www.springframework.org/schema/context/spring-context-3.0.xsd
       http://www.springframework.org/schema/aop
       http://www.springframework.org/schema/aop/spring-aop-3.0.xsd">
    

	<!-- jms 连接工厂 -->
	<bean id="mqFactory" class="org.apache.activemq.pool.PooledConnectionFactory">
		<property name="connectionFactory">
			<bean class="org.apache.activemq.ActiveMQConnectionFactory">
				<property name="brokerURL" value="${MQ_URL}" />
			</bean>
		</property>
	</bean>
	
	<!-- 大陆短信队列 -->
	<bean id="CNQueue" class="org.apache.activemq.command.ActiveMQQueue">
		<constructor-arg value="QUEUE_SMS_CN" />
	</bean>	
	
	<!-- 香港短信队列 -->
	<bean id="HKQueue" class="org.apache.activemq.command.ActiveMQQueue">
		<constructor-arg value="QUEUE_SMS_HK" />
	</bean>
	
	<!-- 大陆短信监听 -->
	<bean id="CNSmsMqListener" class="com.sfpay.sms.mq.listener.CNSmsMqListener"/>
	<!-- 香港短信监听 -->
	<bean id="HKSmsMqListener" class="com.sfpay.sms.mq.listener.HKSmsMqListener"/>
	
	<!-- 大陆短信监听容器 -->
	<bean id="CNListener" class="org.springframework.jms.listener.SimpleMessageListenerContainer">
		<property name="connectionFactory" ref="mqFactory" />
		<property name="destination" ref="CNQueue" />
		<property name="messageListener" ref="CNSmsMqListener" />
		<property name="sessionTransacted" value="true"/>
		<property name="concurrentConsumers" value="6"/>
	</bean>
	
	<!-- 香港短信监听容器 -->
	<bean id="HKListener" class="org.springframework.jms.listener.SimpleMessageListenerContainer">
		<property name="connectionFactory" ref="mqFactory" />
		<property name="destination" ref="HKQueue" />
		<property name="messageListener" ref="HKSmsMqListener" />
		<property name="sessionTransacted" value="true"/>
		<property name="concurrentConsumers" value="4"/>
	</bean>
	
</beans>