<?xml version="1.0" encoding="UTF-8"?>
<configuration>
	<substitutionProperty name="log.proj" value="datasync-platform"/>
	<substitutionProperty name="log.base" value="logs/${log.proj}" />
	<jmxConfigurator />
	<appender name="stdout" class="ch.qos.logback.core.ConsoleAppender">	
		<layout class="ch.qos.logback.classic.PatternLayout">
			<pattern>%date [%thread] %-5level %logger{80} - %msg%n</pattern>
		</layout>
	</appender>
	<appender name="logfile"
		class="ch.qos.logback.core.rolling.RollingFileAppender">
		<File>${log.base}/datasync-platform.log</File>
		<rollingPolicy class="ch.qos.logback.core.rolling.TimeBasedRollingPolicy">
			<FileNamePattern>${log.base}/${log.proj}.%d{yyyy-MM-dd}.%i.log.zip</FileNamePattern>
			<timeBasedFileNamingAndTriggeringPolicy class="ch.qos.logback.core.rolling.SizeAndTimeBasedFNATP">  
	      		<maxFileSize>500MB</maxFileSize>  
	     	</timeBasedFileNamingAndTriggeringPolicy>  
		</rollingPolicy>
		<layout class="ch.qos.logback.classic.PatternLayout">
			<pattern>%date [%thread] %-5level %logger{80} - %msg%n</pattern>
		</layout>
	</appender>
	
	<appender name="HESSIAN-SERVICE-DIGEST-APPENDER"
		class="ch.qos.logback.core.rolling.RollingFileAppender">
		<File>${log.base}/hessian-service-digest.log</File>
		<rollingPolicy class="ch.qos.logback.core.rolling.TimeBasedRollingPolicy">
			<FileNamePattern>${log.base}hessian-service-digest_%d{yyyy-MM-dd}.%i.log
			</FileNamePattern>
		</rollingPolicy>
	</appender>	
	<logger name="HESSIAN-SERVICE-DIGEST">
		<level value="INFO" />
		<appender-ref ref="HESSIAN-SERVICE-DIGEST-APPENDER" />		
	</logger>
	
	<appender name="HESSIAN-CLIENT-DIGEST-APPENDER"
		class="ch.qos.logback.core.rolling.RollingFileAppender">
		<File>${log.base}/hessian-client-digest.log</File>
		<rollingPolicy class="ch.qos.logback.core.rolling.TimeBasedRollingPolicy">
			<FileNamePattern>${log.base}hessian-client-digest_%d{yyyy-MM-dd}.%i.log
			</FileNamePattern>
		</rollingPolicy>
	</appender>	
	<logger name="HESSIAN-CLIENT-DIGEST">
		<level value="INFO" />
		<appender-ref ref="HESSIAN-CLIENT-DIGEST-APPENDER" />		
	</logger>
	
	<root>
		<level value="INFO" />
		<appender-ref ref="logfile" />	
		<appender-ref ref="stdout" />		
	</root>
</configuration>  