<?xml version="1.0" encoding="UTF-8"?>
<beans xmlns="http://www.springframework.org/schema/beans"
	xmlns:xsi="http://www.w3.org/2001/XMLSchema-instance" xmlns:context="http://www.springframework.org/schema/context"
	xmlns:p="http://www.springframework.org/schema/p"
	xsi:schemaLocation="http://www.springframework.org/schema/beans http://www.springframework.org/schema/beans/spring-beans-3.1.xsd
http://www.springframework.org/schema/context http://www.springframework.org/schema/context/spring-context-3.1.xsd">

	<context:component-scan base-package="com.sfpay">
		<context:exclude-filter type="annotation" expression="org.springframework.stereotype.Controller" />
	</context:component-scan>
	
		
	<!-- 用于菜单生成的时候, 区分是否属于本系统的菜单项 -->
	<bean id="systemCode" class="java.lang.String">
		<constructor-arg value="EWS" />
	</bean>

	<bean id="propertyConfigurer"
		class="com.sfpay.framework.config.properties.PropertyPlaceholderConfigurer">
		<property name="locations">
			<list>
				<value>classpath:${profile.properties}/*.properties</value>
			</list>
		</property>
	</bean>
	
	<bean id="productMode" class="java.lang.Boolean">
		<constructor-arg value="${profile.product}" />
	</bean>
	
	<import resource="classpath:beans/*.xml" />
</beans>