<?xml version="1.0" encoding="UTF-8"?>
<!DOCTYPE mapper PUBLIC "-//mybatis.org//DTD Mapper 3.0//EN" 
"http://mybatis.org/dtd/mybatis-3-mapper.dtd">

<mapper namespace="com.sfpay.datasync.order.dao.IAddressTeamDao">

	<resultMap id="AddressTeamMap" type="com.sfpay.datasync.order.domain.AddressTeam">
		<id column="ID" jdbcType="NUMERIC" property="id" />
		<result column="CITY_ID" jdbcType="VARCHAR" property="cityId" />
		<result column="ADDRESS" jdbcType="VARCHAR" property="address" />
		<result column="TEAM_ID" jdbcType="VARCHAR" property="teamId" />
		<result column="DEPT_ID" jdbcType="VARCHAR" property="deptId" />
		<result column="CUST_ID" jdbcType="VARCHAR" property="custId" />
		<result column="OPERATE_TYPE" jdbcType="VARCHAR" property="operateType" />
		<result column="UPDATE_TIME" jdbcType="TIMESTAMP" property="updateTime" />
	</resultMap>

	<insert id="addAddressTeam" parameterType="com.sfpay.datasync.order.domain.AddressTeam">
		insert into ADDRESS_TEAM
			(ID, CITY_ID, ADDRESS, TEAM_ID, DEPT_ID, CUST_ID, OPERATE_TYPE, UPDATE_TIME)
		values
		(
			<selectKey keyProperty="id" resultType="long" order="BEFORE">
				select
					SEQ_ADDRESS_TEAM.Nextval as id from DUAL
			</selectKey>
			#{id,jdbcType=NUMERIC}, #{cityId,jdbcType=VARCHAR}, #{address,jdbcType=VARCHAR}, #{teamId,jdbcType=VARCHAR}, 
			#{deptId,jdbcType=VARCHAR}, #{custId,jdbcType=VARCHAR}, #{operateType,jdbcType=VARCHAR}, sysdate
		)
	</insert>
</mapper>