<?xml version="1.0" encoding="UTF-8"?>
<!DOCTYPE mapper PUBLIC "-//mybatis.org//DTD Mapper 3.0//EN" 
"http://mybatis.org/dtd/mybatis-3-mapper.dtd">

<mapper namespace="com.sfpay.datasync.order.dao.IContactAddrInfoDao">

	<resultMap id="ContactAddrInfoMap" type="com.sfpay.datasync.order.domain.ContactAddrInfo">
		<id column="ID" jdbcType="NUMERIC" property="id" />
		<result column="MEMBER_NO" jdbcType="NUMERIC" property="memberNo" />
		<result column="CUST_TAG" jdbcType="VARCHAR" property="custTag" />
		<result column="DIST_CITY_CODE" jdbcType="VARCHAR" property="distCityCode" />
		<result column="PROVINCE_CODE" jdbcType="VARCHAR" property="provinceCode" />
		<result column="CITY_CODE" jdbcType="VARCHAR" property="cityCode" />
		<result column="COUNTY_CODE" jdbcType="VARCHAR" property="countyCode" />
		<result column="ADDRESS" jdbcType="VARCHAR" property="address" />
		<result column="TEAM_ID" jdbcType="VARCHAR" property="teamId" />
		<result column="TELPHONE_NO" jdbcType="VARCHAR" property="telphoneNo" />
		<result column="CONTACTS" jdbcType="VARCHAR" property="contacts" />
		<result column="ADDRESS_TYPE" jdbcType="VARCHAR" property="addressType" />
		<result column="COMPANY" jdbcType="VARCHAR" property="company" />
		<result column="DEFAULT_FLAG" jdbcType="VARCHAR" property="defaultFlag" />
		<result column="IS_USED" jdbcType="VARCHAR" property="isUsed" />
		<result column="UPDATE_TIME" jdbcType="TIMESTAMP" property="updateTime" />
		<result column="CREATE_TIME" jdbcType="TIMESTAMP" property="createTime" />
	</resultMap>

	<insert id="addContactAddrInfo" parameterType="com.sfpay.datasync.order.domain.ContactAddrInfo">
		insert into CONTACT_ADDR_INFO
			(ID, MEMBER_NO, CUST_TAG, DIST_CITY_CODE, PROVINCE_CODE, CITY_CODE, COUNTY_CODE, ADDRESS, TEAM_ID, 
				TELPHONE_NO, CONTACTS, ADDRESS_TYPE, COMPANY, DEFAULT_FLAG, IS_USED, UPDATE_TIME, CREATE_TIME)
		values(
			<selectKey keyProperty="id" resultType="long" order="BEFORE">
				select SEQ_CONTACT_ADDR_INFO.Nextval as id from DUAL
			</selectKey>
			#{id,jdbcType=NUMERIC}, #{memberNo,jdbcType=VARCHAR}, #{custTag,jdbcType=VARCHAR}, #{distCityCode,jdbcType=VARCHAR}, #{provinceCode,jdbcType=VARCHAR}, #{cityCode,jdbcType=VARCHAR}, 
			#{countyCode,jdbcType=VARCHAR}, #{address,jdbcType=VARCHAR}, #{teamId,jdbcType=VARCHAR}, #{telphoneNo,jdbcType=VARCHAR}, 
			#{contacts,jdbcType=VARCHAR}, #{addressType,jdbcType=VARCHAR}, #{company,jdbcType=VARCHAR}, #{defaultFlag,jdbcType=VARCHAR}, 
			#{isUsed,jdbcType=VARCHAR}, sysdate, sysdate
		)
	</insert>
	
<!-- 	<delete id="delContactAddrInfo" parameterType="long">
		delete from CONTACT_ADDR_INFO where ID = #{id}
	</delete> -->
	
	<update id="updateAddressInfo">
		update CONTACT_ADDR_INFO
		<set>

			<if test="memberNo != null and memberNo != ''">MEMBER_NO = #{memberNo},</if>
			<if test="custTag != null">CUST_TAG = #{custTag},</if>
			<if test="distCityCode != null">DIST_CITY_CODE = #{distCityCode},</if>
			<if test="address != null and address != ''">ADDRESS = #{address},</if>
			<if test="telphoneNo != null">TELPHONE_NO = #{telphoneNo},</if>
			<if test="contacts != null">CONTACTS = #{contacts},</if>
			<if test="addressType != null">ADDRESS_TYPE = #{addressType},</if>
			<if test="company != null and company != ''">COMPANY = #{company},</if>
			<if test="defaultFlag != null">DEFAULT_FLAG = #{defaultFlag},</if>
			<if test="isUsed != null">IS_USED = #{isUsed},</if>
			TEAM_ID = #{teamId,jdbcType=VARCHAR},PROVINCE_CODE = #{provinceCode,jdbcType=VARCHAR},CITY_CODE = #{cityCode,jdbcType=VARCHAR},
			COUNTY_CODE = #{countyCode,jdbcType=VARCHAR},UPDATE_TIME = sysdate
		</set>
		where ID = #{id}
	</update>
	
	<select id="queryAddressInfoById" resultMap="ContactAddrInfoMap" parameterType="com.sfpay.datasync.order.domain.ContactAddrInfo">
		select ID, MEMBER_NO, CUST_TAG, PROVINCE_CODE, CITY_CODE, COUNTY_CODE, ADDRESS, TEAM_ID, 
				TELPHONE_NO, CONTACTS, ADDRESS_TYPE, COMPANY, DEFAULT_FLAG, IS_USED, UPDATE_TIME, CREATE_TIME
		from CONTACT_ADDR_INFO
		where ID = #{id} and IS_USED = '1'
	</select>
	
	<select id="queryAddressInfoByParam" resultMap="ContactAddrInfoMap" parameterType="com.sfpay.datasync.order.domain.ContactAddrInfo">
		select ID, MEMBER_NO, CUST_TAG, DIST_CITY_CODE, PROVINCE_CODE, CITY_CODE, COUNTY_CODE, ADDRESS, TEAM_ID, 
				TELPHONE_NO, CONTACTS, ADDRESS_TYPE, COMPANY, DEFAULT_FLAG, IS_USED, UPDATE_TIME, CREATE_TIME
		from CONTACT_ADDR_INFO
		<where>
			<if test="memberNo != null">and MEMBER_NO = #{memberNo}</if>
			<if test="addressType != null">and ADDRESS_TYPE = #{addressType}</if>
			<if test="defaultFlag != null">and DEFAULT_FLAG = #{defaultFlag}</if>
			<if test="cityCode != null">and CITY_CODE = #{cityCode}</if>
			<if test="distCityCode != null">and DIST_CITY_CODE = #{distCityCode}</if>
			<if test="telphoneNo != null">and TELPHONE_NO = #{telphoneNo}</if>
			<if test="address != null">and ADDRESS = #{address}</if>
			and IS_USED = '1'
		</where> 
	</select>
	
</mapper>