<?xml version="1.0" encoding="UTF-8"?>
<!DOCTYPE mapper PUBLIC "-//mybatis.org//DTD Mapper 3.0//EN" 
"http://mybatis.org/dtd/mybatis-3-mapper.dtd">

<mapper namespace="com.sfpay.datasync.order.dao.IExpressOrderJobDao">

	<resultMap id="ExpressOrderJobMap" type="com.sfpay.datasync.order.domain.ExpressOrderJob">
		<id column="ID" jdbcType="NUMERIC" property="id" />
		<result column="OPERATE_TYPE" jdbcType="VARCHAR" property="operateType" />
		<result column="JOB_ID" jdbcType="VARCHAR" property="jobId" />
		<result column="ORDER_ID" jdbcType="VARCHAR" property="orderId" />
		<result column="EMP_ID" jdbcType="VARCHAR" property="empId" />
		<result column="EMP_TEL" jdbcType="VARCHAR" property="empTel" />
		<result column="CUST_ID" jdbcType="VARCHAR" property="custId" />
		<result column="MSG" jdbcType="VARCHAR" property="msg" />
		<result column="FLAG" jdbcType="VARCHAR" property="flag" />
		<result column="SEND_TIME" jdbcType="TIMESTAMP" property="sendTime" />
		<result column="DISP_TIME" jdbcType="TIMESTAMP" property="dispTime" />
		<result column="WORK_TIME" jdbcType="TIMESTAMP" property="workTime" />
		<result column="SMS_MEMO" jdbcType="VARCHAR" property="smsMemo" />
		<result column="OPERATOR" jdbcType="VARCHAR" property="operator" />
		<result column="SEND_TYPE" jdbcType="VARCHAR" property="sendType" />
		<result column="REASON" jdbcType="VARCHAR" property="reason" />
		<result column="DEPT_ID" jdbcType="VARCHAR" property="deptId" />
		<result column="SP" jdbcType="VARCHAR" property="sp" />
		<result column="DEVICE" jdbcType="VARCHAR" property="device" />
		<result column="HHT_FLAG" jdbcType="VARCHAR" property="hhtFlag" />
		<result column="OLD_JOB_ID" jdbcType="VARCHAR" property="oldJobId" />
		<result column="CUST_TAG" jdbcType="VARCHAR" property="custTag" />
		<result column="ORDER_TYPE" jdbcType="VARCHAR" property="orderType" />
		<result column="BNO" jdbcType="VARCHAR" property="bno" />
		<result column="ALERT_TIME" jdbcType="TIMESTAMP" property="alertTime" />
		<result column="ALERT_FLAG" jdbcType="VARCHAR" property="alertFlag" />
		<result column="ORDER_CLASS" jdbcType="VARCHAR" property="orderClass" />
		<result column="SCHMEMO" jdbcType="VARCHAR" property="schmemo" />
		<result column="DESTINATION" jdbcType="VARCHAR" property="destination" />
		<result column="ORDER_MEMO" jdbcType="VARCHAR" property="orderMemo" />
		<result column="INSURANCE" jdbcType="VARCHAR" property="insurance" />
		<result column="CUST_TEL" jdbcType="VARCHAR" property="custTel" />
		<result column="CONTACT" jdbcType="VARCHAR" property="contact" />
		<result column="AREA_NO" jdbcType="VARCHAR" property="areaNo" />
		<result column="CUST_TYPE" jdbcType="VARCHAR" property="custType" />
		<result column="COMP_ABB" jdbcType="VARCHAR" property="compAbb" />
		<result column="ADDR_ABB" jdbcType="VARCHAR" property="addrAbb" />
		<result column="TEAM_ID" jdbcType="VARCHAR" property="teamId" />
		<result column="CARGO_NAME" jdbcType="VARCHAR" property="cargoName" />
		<result column="WEIGHT" jdbcType="NUMERIC" property="weight" />
		<result column="BOOK_TIME" jdbcType="TIMESTAMP" property="bookTime" />
		<result column="CARGO_TYPE" jdbcType="VARCHAR" property="cargoType" />
		<result column="SPECIAL_MARKETING" jdbcType="VARCHAR" property="specialMarketing" />
		<result column="POST_CODE" jdbcType="VARCHAR" property="postCode" />
		<result column="CUSTOM_HOUSE" jdbcType="VARCHAR" property="customHouse" />
		<result column="INTER_TYPE" jdbcType="VARCHAR" property="interType" />
		<result column="SENDER_TYPE" jdbcType="VARCHAR" property="senderType" />
		<result column="LAST_TIME" jdbcType="TIMESTAMP" property="lastTime" />
		<result column="EDIT_TIME" jdbcType="TIMESTAMP" property="editTime" />
		<result column="SYNC_TIME" jdbcType="TIMESTAMP" property="syncTime" />
		<result column="CREATE_NAME" jdbcType="VARCHAR" property="createName" />
		<result column="CREATE_TIME" jdbcType="TIMESTAMP" property="createTime" />
		<result column="UPDATE_NAME" jdbcType="VARCHAR" property="updateName" />
		<result column="UPDATE_TIME" jdbcType="TIMESTAMP" property="updateTime" />
	</resultMap>

	<insert id="addExpressOrderJob" parameterType="com.sfpay.datasync.order.domain.ExpressOrderJob">
		insert into EXPRESS_ORDER_JOB
			(ID, OPERATE_TYPE, JOB_ID, ORDER_ID, EMP_ID, EMP_TEL, CUST_ID, MSG, FLAG, SEND_TIME, DISP_TIME, 
			WORK_TIME, SMS_MEMO, OPERATOR, SEND_TYPE, REASON, DEPT_ID, SP, DEVICE, HHT_FLAG, OLD_JOB_ID, CUST_TAG, 
			ORDER_TYPE, BNO, ALERT_TIME, ALERT_FLAG, ORDER_CLASS, SCHMEMO, DESTINATION, ORDER_MEMO, INSURANCE, CUST_TEL, 
			CONTACT, AREA_NO, CUST_TYPE, COMP_ABB, ADDR_ABB, TEAM_ID, CARGO_NAME, WEIGHT, BOOK_TIME, CARGO_TYPE, SPECIAL_MARKETING, 
			POST_CODE, CUSTOM_HOUSE, INTER_TYPE, SENDER_TYPE, LAST_TIME, EDIT_TIME, SYNC_TIME, CREATE_NAME, CREATE_TIME, UPDATE_NAME, 
			UPDATE_TIME)
		values(
			<selectKey keyProperty="id" resultType="long" order="BEFORE">
				select SEQ_EXPRESS_ORDER_JOB.Nextval as id from DUAL
			</selectKey>
			#{id,jdbcType=NUMERIC}, #{operateType,jdbcType=VARCHAR}, #{jobId,jdbcType=VARCHAR}, #{orderId,jdbcType=VARCHAR}, 
			#{empId,jdbcType=VARCHAR}, #{empTel,jdbcType=VARCHAR}, #{custId,jdbcType=VARCHAR}, #{msg,jdbcType=VARCHAR}, 
			#{flag,jdbcType=VARCHAR}, #{sendTime,jdbcType=TIMESTAMP}, #{dispTime,jdbcType=TIMESTAMP}, #{workTime,jdbcType=TIMESTAMP}, 
			#{smsMemo,jdbcType=VARCHAR}, #{operator,jdbcType=VARCHAR}, #{sendType,jdbcType=VARCHAR}, #{reason,jdbcType=VARCHAR}, 
			#{deptId,jdbcType=VARCHAR}, #{sp,jdbcType=VARCHAR}, #{device,jdbcType=VARCHAR}, #{hhtFlag,jdbcType=VARCHAR}, 
			#{oldJobId,jdbcType=VARCHAR}, #{custTag,jdbcType=VARCHAR}, #{orderType,jdbcType=VARCHAR}, 
			#{bno,jdbcType=VARCHAR}, #{alertTime,jdbcType=TIMESTAMP}, #{alertFlag,jdbcType=VARCHAR}, #{orderClass,jdbcType=VARCHAR}, 
			#{schmemo,jdbcType=VARCHAR}, #{destination,jdbcType=VARCHAR}, #{orderMemo,jdbcType=VARCHAR}, 
			#{insurance,jdbcType=VARCHAR}, #{custTel,jdbcType=VARCHAR}, #{contact,jdbcType=VARCHAR}, #{areaNo,jdbcType=VARCHAR}, 
			#{custType,jdbcType=VARCHAR}, #{compAbb,jdbcType=VARCHAR}, #{addrAbb,jdbcType=VARCHAR}, #{teamId,jdbcType=VARCHAR}, 
			#{cargoName,jdbcType=VARCHAR}, #{weight,jdbcType=NUMERIC}, #{bookTime,jdbcType=VARCHAR}, #{cargoType,jdbcType=VARCHAR}, 
			#{specialMarketing,jdbcType=VARCHAR}, #{postCode,jdbcType=VARCHAR}, #{customHouse,jdbcType=VARCHAR}, 
			#{interType,jdbcType=VARCHAR}, #{senderType,jdbcType=VARCHAR}, #{lastTime,jdbcType=VARCHAR}, 
			#{editTime,jdbcType=TIMESTAMP}, #{syncTime,jdbcType=TIMESTAMP}, #{createName,jdbcType=VARCHAR}, sysdate, 
			#{updateName,jdbcType=VARCHAR}, sysdate
		)
	</insert>
	
	<select id="queryExpressOrderJobByParam" resultMap="ExpressOrderJobMap" parameterType="com.sfpay.datasync.order.domain.ExpressOrderJob">
		select ID, OPERATE_TYPE, JOB_ID, ORDER_ID, EMP_ID, EMP_TEL, CUST_ID, MSG, FLAG, SEND_TIME, DISP_TIME, 
			WORK_TIME, SMS_MEMO, OPERATOR, SEND_TYPE, REASON, DEPT_ID, SP, DEVICE, HHT_FLAG, OLD_JOB_ID, CUST_TAG, 
			ORDER_TYPE, BNO, ALERT_TIME, ALERT_FLAG, ORDER_CLASS, SCHMEMO, DESTINATION, ORDER_MEMO, INSURANCE, CUST_TEL, 
			CONTACT, AREA_NO, CUST_TYPE, COMP_ABB, ADDR_ABB, TEAM_ID, CARGO_NAME, WEIGHT, BOOK_TIME, CARGO_TYPE, SPECIAL_MARKETING, 
			POST_CODE, CUSTOM_HOUSE, INTER_TYPE, SENDER_TYPE, LAST_TIME, EDIT_TIME, SYNC_TIME, CREATE_NAME, CREATE_TIME, UPDATE_NAME, 
			UPDATE_TIME
		from EXPRESS_ORDER_JOB
		<where>
			<if test="jobId != null">and JOB_ID = #{jobId}</if>
			<if test="orderId != null">and ORDER_ID = #{orderId}</if>
			<if test="bno != null">and BNO = #{bno}</if>
		</where> 
	</select>
	
	<select id="queryExpressOrderJobById" resultMap="ExpressOrderJobMap" parameterType="com.sfpay.datasync.order.domain.ExpressOrderJob">
		select ID, OPERATE_TYPE, JOB_ID, ORDER_ID, EMP_ID, EMP_TEL, CUST_ID, MSG, FLAG, SEND_TIME, DISP_TIME, 
			WORK_TIME, SMS_MEMO, OPERATOR, SEND_TYPE, REASON, DEPT_ID, SP, DEVICE, HHT_FLAG, OLD_JOB_ID, CUST_TAG, 
			ORDER_TYPE, BNO, ALERT_TIME, ALERT_FLAG, ORDER_CLASS, SCHMEMO, DESTINATION, ORDER_MEMO, INSURANCE, CUST_TEL, 
			CONTACT, AREA_NO, CUST_TYPE, COMP_ABB, ADDR_ABB, TEAM_ID, CARGO_NAME, WEIGHT, BOOK_TIME, CARGO_TYPE, SPECIAL_MARKETING, 
			POST_CODE, CUSTOM_HOUSE, INTER_TYPE, SENDER_TYPE, LAST_TIME, EDIT_TIME, SYNC_TIME, CREATE_NAME, CREATE_TIME, UPDATE_NAME, 
			UPDATE_TIME
		from EXPRESS_ORDER_JOB
		where ID = #{id}
	</select>
	
	<select id="queryExpressOrderJobByWayBillNo" resultMap="ExpressOrderJobMap" parameterType="com.sfpay.datasync.order.domain.ExpressOrderJob">
		select ID, OPERATE_TYPE, JOB_ID, ORDER_ID, EMP_ID, EMP_TEL, CUST_ID, MSG, FLAG, SEND_TIME, DISP_TIME, 
			WORK_TIME, SMS_MEMO, OPERATOR, SEND_TYPE, REASON, DEPT_ID, SP, DEVICE, HHT_FLAG, OLD_JOB_ID, CUST_TAG, 
			ORDER_TYPE, BNO, ALERT_TIME, ALERT_FLAG, ORDER_CLASS, SCHMEMO, DESTINATION, ORDER_MEMO, INSURANCE, CUST_TEL, 
			CONTACT, AREA_NO, CUST_TYPE, COMP_ABB, ADDR_ABB, TEAM_ID, CARGO_NAME, WEIGHT, BOOK_TIME, CARGO_TYPE, SPECIAL_MARKETING, 
			POST_CODE, CUSTOM_HOUSE, INTER_TYPE, SENDER_TYPE, LAST_TIME, EDIT_TIME, SYNC_TIME, CREATE_NAME, CREATE_TIME, UPDATE_NAME, 
			UPDATE_TIME
		from EXPRESS_ORDER_JOB
		where BNO = #{bno}
	</select>
	
</mapper>