<?xml version="1.0" encoding="UTF-8"?>
<!DOCTYPE mapper PUBLIC "-//mybatis.org//DTD Mapper 3.0//EN" 
"http://mybatis.org/dtd/mybatis-3-mapper.dtd">

<mapper namespace="com.sfpay.datasync.order.dao.IExpressOrderDao">

	<resultMap id="ExpressOrderMap" type="com.sfpay.datasync.order.domain.ExpressOrder">
		<id column="ID" jdbcType="NUMERIC" property="id" />
		<result column="MEMBER_NO" jdbcType="NUMERIC" property="memberNo" />
		<result column="ORDER_ID" jdbcType="VARCHAR" property="orderId" />
		<result column="AREA_NO" jdbcType="VARCHAR" property="areaNo" />
		<result column="DEPT_ID" jdbcType="VARCHAR" property="deptId" />
		<result column="TEAM_ID" jdbcType="VARCHAR" property="teamId" />
		<result column="CUST_ID" jdbcType="VARCHAR" property="custId" />
		<result column="CUST_TYPE" jdbcType="VARCHAR" property="custType" />
		<result column="CONTACT" jdbcType="VARCHAR" property="contact" />
		<result column="COMP_ABB" jdbcType="VARCHAR" property="compAbb" />
		<result column="PROVINCE_NAME" jdbcType="VARCHAR" property="provinceName" />
		<result column="CITY_NAME" jdbcType="VARCHAR" property="cityName" />
		<result column="COUNTY_NAME" jdbcType="VARCHAR" property="countyName" />
		<result column="ADDR_ABB" jdbcType="VARCHAR" property="addrAbb" />
		<result column="CUST_TEL" jdbcType="VARCHAR" property="custTel" />
		<result column="WEIGHT" jdbcType="NUMERIC" property="weight" />
		<result column="LENGTH" jdbcType="NUMERIC" property="length" />
		<result column="CARGO_TYPE" jdbcType="VARCHAR" property="cargoType" />
		<result column="CARGO_NAME" jdbcType="VARCHAR" property="cargoName" />
		<result column="BOOK_TIME" jdbcType="VARCHAR" property="bookTime" />
		<result column="ORDER_TYPE" jdbcType="VARCHAR" property="orderType" />
		<result column="MAKEUP" jdbcType="VARCHAR" property="makeup" />
		<result column="MEMO" jdbcType="VARCHAR" property="memo" />
		<result column="OPERATOR" jdbcType="VARCHAR" property="operator" />
		<result column="ADDRESS_NO" jdbcType="VARCHAR" property="addressNo" />
		<result column="CUST_TAG" jdbcType="VARCHAR" property="custTag" />
		<result column="SENDER_TYPE" jdbcType="VARCHAR" property="senderType" />
		<result column="DCONTANCT" jdbcType="VARCHAR" property="dcontanct" />
		<result column="DTEL" jdbcType="VARCHAR" property="dtel" />
		<result column="DCOMPANY" jdbcType="VARCHAR" property="dcompany" />
		<result column="DADDRESS" jdbcType="VARCHAR" property="daddress" />
		<result column="CARGO_NUMBER" jdbcType="NUMERIC" property="cargoNumber" />
		<result column="CARGO_PIECE" jdbcType="NUMERIC" property="cargoPiece" />
		<result column="INSURANCE_AMOUNT" jdbcType="NUMERIC" property="insuranceAmount" />
		<result column="PAY_METHOD" jdbcType="VARCHAR" property="payMethod" />
		<result column="DESTINATION_CODE" jdbcType="VARCHAR" property="destinationCode" />
		<result column="MONTH_PAY_CUST_ID" jdbcType="VARCHAR" property="monthPayCustId" />
		<result column="IS_HHT_WAY_BILL" jdbcType="VARCHAR" property="isHhtWayBill" />
		<result column="IS_CLAIMS" jdbcType="VARCHAR" property="isClaims" />
		<result column="BLACK_TYPE" jdbcType="VARCHAR" property="blackType" />
		<result column="CURRENCY_VALUE" jdbcType="VARCHAR" property="currencyValue" />
		<result column="DESTINATION" jdbcType="VARCHAR" property="destination" />
		<result column="COUPONS_VERIFICATION_CODE" jdbcType="VARCHAR" property="couponsVerificationCode" />
		<result column="COUPONS_NO" jdbcType="VARCHAR" property="couponsNo" />
		<result column="COUPONS_AMOUNT" jdbcType="NUMERIC" property="couponsAmount" />
		<result column="ORDER_ARGS" jdbcType="VARCHAR" property="orderArgs" />
		<result column="SENDER_ADDR_ID" jdbcType="NUMERIC" property="senderAddrId" />
		<result column="REC_ADDR_ID" jdbcType="NUMERIC" property="recAddrId" />
		<result column="CREATE_NAME" jdbcType="VARCHAR" property="createName" />
		<result column="CREATE_TIME" jdbcType="TIMESTAMP" property="createTime" />
		<result column="UPDATE_NAME" jdbcType="VARCHAR" property="updateName" />
		<result column="UPDATE_TIME" jdbcType="TIMESTAMP" property="updateTime" />
	</resultMap>

	<insert id="addExpressOrder" parameterType="com.sfpay.datasync.order.domain.ExpressOrder">
		insert into EXPRESS_ORDER
			(ID, MEMBER_NO, ORDER_ID, AREA_NO, DEPT_ID, TEAM_ID, CUST_ID, CUST_TYPE, CONTACT, COMP_ABB, 
			PROVINCE_NAME, CITY_NAME, COUNTY_NAME, ADDR_ABB, CUST_TEL, WEIGHT, LENGTH, CARGO_TYPE, CARGO_NAME, 
			BOOK_TIME, ORDER_TYPE, MAKEUP, MEMO, OPERATOR, ADDRESS_NO, CUST_TAG, SENDER_TYPE, DCONTANCT, 
			DTEL, DCOMPANY, DADDRESS, CARGO_NUMBER, CARGO_PIECE, INSURANCE_AMOUNT, PAY_METHOD, DESTINATION_CODE, 
			MONTH_PAY_CUST_ID, IS_HHT_WAY_BILL, IS_CLAIMS, BLACK_TYPE, CURRENCY_VALUE, DESTINATION, COUPONS_VERIFICATION_CODE, 
			COUPONS_NO, COUPONS_AMOUNT, ORDER_ARGS, SENDER_ADDR_ID, REC_ADDR_ID, CREATE_NAME, CREATE_TIME, 
			UPDATE_NAME, UPDATE_TIME)
		values(
			<selectKey keyProperty="id" resultType="long" order="BEFORE">
				select SEQ_EXPRESS_ORDER.Nextval as id from DUAL
			</selectKey>
			#{id,jdbcType=NUMERIC}, #{memberNo,jdbcType=NUMERIC}, #{orderId,jdbcType=VARCHAR}, #{areaNo,jdbcType=VARCHAR}, 
			#{deptId,jdbcType=VARCHAR}, #{teamId,jdbcType=VARCHAR}, #{custId,jdbcType=VARCHAR}, #{custType,jdbcType=VARCHAR}, 
			#{contact,jdbcType=VARCHAR}, #{compAbb,jdbcType=VARCHAR}, #{provinceName,jdbcType=VARCHAR}, 
			#{cityName,jdbcType=VARCHAR}, #{countyName,jdbcType=VARCHAR}, #{addrAbb,jdbcType=VARCHAR}, 
			#{custTel,jdbcType=VARCHAR}, #{weight,jdbcType=NUMERIC}, #{length,jdbcType=NUMERIC}, #{cargoType,jdbcType=VARCHAR}, 
			#{cargoName,jdbcType=VARCHAR}, #{bookTime,jdbcType=VARCHAR}, #{orderType,jdbcType=VARCHAR}, 
			#{makeup,jdbcType=VARCHAR}, #{memo,jdbcType=VARCHAR}, #{operator,jdbcType=VARCHAR}, #{addressNo,jdbcType=VARCHAR}, 
			#{custTag,jdbcType=VARCHAR}, #{senderType,jdbcType=VARCHAR}, #{dcontanct,jdbcType=VARCHAR}, 
			#{dtel,jdbcType=VARCHAR}, #{dcompany,jdbcType=VARCHAR}, #{daddress,jdbcType=VARCHAR}, #{cargoNumber,jdbcType=NUMERIC}, 
			#{cargoPiece,jdbcType=NUMERIC}, #{insuranceAmount,jdbcType=NUMERIC}, #{payMethod,jdbcType=VARCHAR}, 
			#{destinationCode,jdbcType=VARCHAR}, #{monthPayCustId,jdbcType=VARCHAR}, #{isHhtWayBill,jdbcType=VARCHAR}, 
			#{isClaims,jdbcType=VARCHAR}, #{blackType,jdbcType=VARCHAR}, #{currencyValue,jdbcType=VARCHAR}, 
			#{destination,jdbcType=VARCHAR}, #{couponsVerificationCode,jdbcType=VARCHAR}, #{couponsNo,jdbcType=VARCHAR}, 
			#{couponsAmount,jdbcType=NUMERIC}, #{orderArgs,jdbcType=VARCHAR}, #{senderAddrId,jdbcType=NUMERIC}, 
			#{recAddrId,jdbcType=NUMERIC}, #{createName,jdbcType=VARCHAR}, sysdate, 
			#{updateName,jdbcType=VARCHAR}, sysdate
		)
	</insert>
	
<!-- 	<select id="queryExpressOrderByParam" resultMap="ExpressOrderMap" parameterType="com.sfpay.datasync.order.domain.ExpressOrder">
		select ID, MEMBER_NO, ORDER_ID, AREA_NO, DEPT_ID, TEAM_ID, CUST_ID, CUST_TYPE, CONTACT, COMP_ABB, PROVINCE_NAME, 
			CITY_NAME, COUNTY_NAME, ADDR_ABB, CUST_TEL, WEIGHT, LENGTH, CARGO_TYPE, CARGO_NAME, BOOK_TIME, ORDER_TYPE, 
			MAKEUP, MEMO, OPERATOR, ADDRESS_NO, CUST_TAG, SENDER_TYPE, DCONTANCT, DTEL, DCOMPANY, DADDRESS, CARGO_NUMBER, 
			CARGO_PIECE, INSURANCE_AMOUNT, PAY_METHOD, DESTINATION_CODE, MONTH_PAY_CUST_ID, IS_HHT_WAY_BILL, IS_CLAIMS, 
			BLACK_TYPE, CURRENCY_VALUE, DESTINATION, COUPONS_VERIFICATION_CODE, COUPONS_NO, COUPONS_AMOUNT, ORDER_ARGS, 
			SENDER_ADDR_ID, REC_ADDR_ID, CREATE_NAME, CREATE_TIME, UPDATE_NAME, UPDATE_TIME
		from EXPRESS_ORDER
		<where>
			<if test="memberNo != null">MEMBER_NO = #{memberNo}</if>
			<if test="orderId != null">ORDER_ID = #{orderId}</if>
		</where> 
	</select> -->
	
	<select id="queryExpressOrderById" resultMap="ExpressOrderMap" parameterType="com.sfpay.datasync.order.domain.ExpressOrder">
		select ID, MEMBER_NO, ORDER_ID, AREA_NO, DEPT_ID, TEAM_ID, CUST_ID, CUST_TYPE, CONTACT, COMP_ABB, 
			PROVINCE_NAME, CITY_NAME, COUNTY_NAME, ADDR_ABB, CUST_TEL, WEIGHT, LENGTH, CARGO_TYPE, CARGO_NAME, 
			BOOK_TIME, ORDER_TYPE, MAKEUP, MEMO, OPERATOR, ADDRESS_NO, CUST_TAG, SENDER_TYPE, DCONTANCT, 
			DTEL, DCOMPANY, DADDRESS, CARGO_NUMBER, CARGO_PIECE, INSURANCE_AMOUNT, PAY_METHOD, DESTINATION_CODE, 
			MONTH_PAY_CUST_ID, IS_HHT_WAY_BILL, IS_CLAIMS, BLACK_TYPE, CURRENCY_VALUE, DESTINATION, COUPONS_VERIFICATION_CODE, 
			COUPONS_NO, COUPONS_AMOUNT, ORDER_ARGS, SENDER_ADDR_ID, REC_ADDR_ID, CREATE_NAME, CREATE_TIME, 
			UPDATE_NAME, UPDATE_TIME
		from EXPRESS_ORDER
		where ID = #{id}
	</select>
	
	<select id="queryExpressOrderByOrderId" resultMap="ExpressOrderMap" parameterType="com.sfpay.datasync.order.domain.ExpressOrder">
		select ID, MEMBER_NO, ORDER_ID, AREA_NO, DEPT_ID, TEAM_ID, CUST_ID, CUST_TYPE, CONTACT, COMP_ABB, 
			PROVINCE_NAME, CITY_NAME, COUNTY_NAME, ADDR_ABB, CUST_TEL, WEIGHT, LENGTH, CARGO_TYPE, CARGO_NAME, 
			BOOK_TIME, ORDER_TYPE, MAKEUP, MEMO, OPERATOR, ADDRESS_NO, CUST_TAG, SENDER_TYPE, DCONTANCT, 
			DTEL, DCOMPANY, DADDRESS, CARGO_NUMBER, CARGO_PIECE, INSURANCE_AMOUNT, PAY_METHOD, DESTINATION_CODE, 
			MONTH_PAY_CUST_ID, IS_HHT_WAY_BILL, IS_CLAIMS, BLACK_TYPE, CURRENCY_VALUE, DESTINATION, COUPONS_VERIFICATION_CODE, 
			COUPONS_NO, COUPONS_AMOUNT, ORDER_ARGS, SENDER_ADDR_ID, REC_ADDR_ID, CREATE_NAME, CREATE_TIME, 
			UPDATE_NAME, UPDATE_TIME
		from EXPRESS_ORDER
		where ORDER_ID = #{orderId}
	</select>
	
	<select id="getNextOrderId" resultType="java.lang.Long">
		select SEQ_EXPRESS_ORDER_ID.Nextval from DUAL
	</select>
	
</mapper>