<?xml version="1.0" encoding="UTF-8"?>
<!DOCTYPE mapper PUBLIC "-//mybatis.org//DTD Mapper 3.0//EN" 
"http://mybatis.org/dtd/mybatis-3-mapper.dtd">

<mapper namespace="com.sfpay.datasync.order.dao.ITmNewDistrictDao">

	<resultMap id="TmNewDistrictMap" type="com.sfpay.datasync.order.domain.TmNewDistrict">
		<id column="DIST_ID" jdbcType="NUMERIC" property="distId" />
		<result column="DIST_CODE" jdbcType="VARCHAR" property="distCode" />
		<result column="DIST_CN_NAME" jdbcType="VARCHAR" property="distCnName" />
		<result column="DIST_ALIAS" jdbcType="VARCHAR" property="distAlias" />
		<result column="DIST_EN_NAME" jdbcType="VARCHAR" property="distEnName" />
		<result column="TYPE_CODE" jdbcType="VARCHAR" property="typeCode" />
		<result column="DIST_TYPE_CN" jdbcType="VARCHAR" property="distTypeCn" />
		<result column="DIST_TYPE_EN" jdbcType="VARCHAR" property="distTypeEn" />
		<result column="PARENT_DIST_CODE" jdbcType="VARCHAR" property="parentDistCode" />
		<result column="PHONE_AREA_CODE" jdbcType="VARCHAR" property="phoneAreaCode" />
		<result column="DIST_CITY_CODE" jdbcType="VARCHAR" property="distCityCode" />
		<result column="DIST_ZIP_CODE" jdbcType="VARCHAR" property="distZipCode" />
		<result column="COUNTRY_CODE" jdbcType="VARCHAR" property="countryCode" />
		<result column="PROVINCE_CODE" jdbcType="VARCHAR" property="provinceCode" />
		<result column="CITY_CODE" jdbcType="VARCHAR" property="cityCode" />
		<result column="AREA_CODE" jdbcType="VARCHAR" property="areaCode" />
		<result column="POPULATION_COUNT" jdbcType="NUMERIC" property="populationCount" />
		<result column="AREA_COUNT" jdbcType="NUMERIC" property="areaCount" />
		<result column="WORKED_STATUS" jdbcType="NUMERIC" property="workedStatus" />
		<result column="WORKED_TM" jdbcType="TIMESTAMP" property="workedTm" />
		<result column="CAPITAL_STATUS" jdbcType="NUMERIC" property="capitalStatus" />
		<result column="PROVINCIAL_STATUS" jdbcType="NUMERIC" property="provincialStatus" />
		<result column="CURRENCY_CODE" jdbcType="VARCHAR" property="currencyCode" />
		<result column="TIME_ZONE" jdbcType="NUMERIC" property="timeZone" />
		<result column="PARENT_DIST_ID" jdbcType="NUMERIC" property="parentDistId" />
		<result column="SERIAL_NUM_4" jdbcType="NUMERIC" property="serialNum4" />
		<result column="SERIAL_NUM_9" jdbcType="NUMERIC" property="serialNum9" />
		<result column="VALID_FLG" jdbcType="NUMERIC" property="validFlg" />
		<result column="VALID_TM" jdbcType="TIMESTAMP" property="validTm" />
		<result column="CREATE_EMP_CODE" jdbcType="VARCHAR" property="createEmpCode" />
		<result column="CREATED_TM" jdbcType="TIMESTAMP" property="createdTm" />
		<result column="MODIFIED_EMP_CODE" jdbcType="VARCHAR" property="modifiedEmpCode" />
		<result column="MODIFIED_TM" jdbcType="TIMESTAMP" property="modifiedTm" />
	</resultMap>
	
	
	<select id="queryTmNewDistrictByParam" resultMap="TmNewDistrictMap" parameterType="com.sfpay.datasync.order.domain.TmNewDistrict">
		select DIST_ID, DIST_CODE, DIST_CN_NAME, DIST_ALIAS, DIST_EN_NAME, TYPE_CODE, DIST_TYPE_CN, DIST_TYPE_EN, 
			PARENT_DIST_CODE, PHONE_AREA_CODE, DIST_CITY_CODE, DIST_ZIP_CODE, COUNTRY_CODE, PROVINCE_CODE, 
			CITY_CODE, AREA_CODE, POPULATION_COUNT, AREA_COUNT, WORKED_STATUS, WORKED_TM, CAPITAL_STATUS, 
			PROVINCIAL_STATUS, CURRENCY_CODE, TIME_ZONE, PARENT_DIST_ID, SERIAL_NUM_4, SERIAL_NUM_9, VALID_FLG, 
			VALID_TM, CREATE_EMP_CODE, CREATED_TM, MODIFIED_EMP_CODE, MODIFIED_TM
		from TM_NEW_DISTRICT
		<where>
			<if test="typeCode != null">and TYPE_CODE = #{typeCode}</if>
			<if test="parentDistCode != null">and PARENT_DIST_CODE = #{parentDistCode}</if>
		</where> 
	</select>
	
	<select id="queryTmNewDistrictByDistCode" resultMap="TmNewDistrictMap">
		select DIST_ID, DIST_CODE, DIST_CN_NAME, DIST_ALIAS, DIST_EN_NAME, TYPE_CODE, DIST_TYPE_CN, DIST_TYPE_EN, 
			PARENT_DIST_CODE, PHONE_AREA_CODE, DIST_CITY_CODE, DIST_ZIP_CODE, COUNTRY_CODE, PROVINCE_CODE, 
			CITY_CODE, AREA_CODE, POPULATION_COUNT, AREA_COUNT, WORKED_STATUS, WORKED_TM, CAPITAL_STATUS, 
			PROVINCIAL_STATUS, CURRENCY_CODE, TIME_ZONE, PARENT_DIST_ID, SERIAL_NUM_4, SERIAL_NUM_9, VALID_FLG, 
			VALID_TM, CREATE_EMP_CODE, CREATED_TM, MODIFIED_EMP_CODE, MODIFIED_TM
		from TM_NEW_DISTRICT
			where DIST_CODE = #{distCode}
	</select>
	
	<select id="queryTmNewDistrictById" resultMap="TmNewDistrictMap" parameterType="long">
		select DIST_ID, DIST_CODE, DIST_CN_NAME, DIST_ALIAS, DIST_EN_NAME, TYPE_CODE, DIST_TYPE_CN, DIST_TYPE_EN, 
			PARENT_DIST_CODE, PHONE_AREA_CODE, DIST_CITY_CODE, DIST_ZIP_CODE, COUNTRY_CODE, PROVINCE_CODE, 
			CITY_CODE, AREA_CODE, POPULATION_COUNT, AREA_COUNT, WORKED_STATUS, WORKED_TM, CAPITAL_STATUS, 
			PROVINCIAL_STATUS, CURRENCY_CODE, TIME_ZONE, PARENT_DIST_ID, SERIAL_NUM_4, SERIAL_NUM_9, VALID_FLG, 
			VALID_TM, CREATE_EMP_CODE, CREATED_TM, MODIFIED_EMP_CODE, MODIFIED_TM
		from TM_NEW_DISTRICT
			where DIST_ID = #{distId}
	</select>
	
</mapper>