<?xml version="1.0" encoding="UTF-8"?>
<!DOCTYPE mapper PUBLIC "-//mybatis.org//DTD Mapper 3.0//EN" "http://mybatis.org/dtd/mybatis-3-mapper.dtd" >
<mapper namespace="com.sfpay.ews.dao.IEwsEmpGroupReferDao">
	<resultMap id="EwsEmpGroupReferMap"
		type="com.sfpay.ews.platform.domain.EwsEmpGroupRefer">
		<id column="ID" jdbcType="NUMERIC" property="id" />
		<result column="EMP_ID" jdbcType="VARCHAR" property="empId" />
		<result column="EMP_NAME" jdbcType="VARCHAR" property="empName" />
		<result column="GROUP_NO" jdbcType="VARCHAR" property="groupNo" />
		<result column="IS_MAIL_NOTIFY" jdbcType="VARCHAR" property="isMailNotify" />
		<result column="IS_SMS_NOTIFY" jdbcType="VARCHAR" property="isSmsNotify" />
		<result column="CREATE_ID" jdbcType="VARCHAR" property="createId" />
		<result column="CREATE_TIME" jdbcType="DATE" property="createTime" />
		<result column="UPDATE_ID" jdbcType="VARCHAR" property="updateId" />
		<result column="UPDATE_TIME" jdbcType="DATE" property="updateTime" />
		<result column="EMP_MAIL" jdbcType="VARCHAR" property="email" />
		<result column="EMP_MOBILE" jdbcType="VARCHAR" property="mobile" />
	</resultMap>

	<insert id="addEwsEmpGroupRefer" parameterType="com.sfpay.ews.platform.domain.EwsEmpGroupRefer">
		insert into EWS_EMP_GROUP_REFER
		(ID, EMP_ID, GROUP_NO, IS_MAIL_NOTIFY, IS_SMS_NOTIFY, CREATE_ID,
		CREATE_TIME)
		values(
		<selectKey keyProperty="id" resultType="long" order="BEFORE">
			select SEQ_EWS_EMP_GROUP_REFER.Nextval as id from DUAL
		</selectKey>
		#{id,jdbcType=NUMERIC}, #{empId,jdbcType=VARCHAR},
		#{groupNo,jdbcType=VARCHAR}, #{isMailNotify,jdbcType=VARCHAR},
		#{isSmsNotify,jdbcType=VARCHAR}, #{createId,jdbcType=VARCHAR}, sysdate
		)
	</insert>

	<update id="updateEwsEmpGroupRefer" parameterType="com.sfpay.ews.platform.domain.EwsEmpGroupRefer">
		update EWS_EMP_GROUP_REFER
		<set>
			<if test="empId != null and empId != ''">EMP_ID = #{empId,jdbcType=VARCHAR},</if>
			<if test="groupNo != null and groupNo != ''">GROUP_NO = #{groupNo,jdbcType=VARCHAR},</if>
			<if test="isMailNotify != null and isMailNotify != ''">IS_MAIL_NOTIFY = #{isMailNotify,jdbcType=VARCHAR},</if>
			<if test="isSmsNotify != null and isSmsNotify != ''">IS_SMS_NOTIFY = #{isSmsNotify,jdbcType=VARCHAR},</if>
			<if test="updateId != null and updateId != ''">UPDATE_ID = #{updateId,jdbcType=VARCHAR},</if>
			UPDATE_TIME = sysdate
		</set>
		where ID = #{id}
	</update>

	<delete id="delEwsEmpGroupRefer">
		delete from EWS_EMP_GROUP_REFER where ID = #{id}
	</delete>

	<select id="queryEwsEmpGroupReferByParam" resultMap="EwsEmpGroupReferMap"
		parameterType="com.sfpay.ews.platform.domain.EwsEmpGroupRefer">
		select ID, EMP_ID, GROUP_NO, IS_MAIL_NOTIFY, IS_SMS_NOTIFY, CREATE_ID,
		CREATE_TIME, UPDATE_ID, UPDATE_TIME
		from EWS_EMP_GROUP_REFER
		<where>
			<if test="empId != null and empId != ''">EMP_ID = #{empId}</if>
			<if test="groupNo != null and groupNo != ''">and GROUP_NO = #{groupNo}</if>
			<if test="isMailNotify != null and isMailNotify != ''">and IS_MAIL_NOTIFY = #{isMailNotify}</if>
			<if test="isSmsNotify != null and isSmsNotify != ''">and IS_SMS_NOTIFY = #{isSmsNotify}</if>
		</where>
	</select>

	<select id="queryEmpGroupInfoByIndexNo" resultMap="EwsEmpGroupReferMap">
		SELECT
		T.ID, T.EMP_ID,S.EMP_NAME, T.GROUP_NO, T.IS_MAIL_NOTIFY, T.IS_SMS_NOTIFY,
		T.CREATE_ID, T.CREATE_TIME,
		T.UPDATE_ID, T.UPDATE_TIME, S.EMP_MAIL, S.EMP_MOBILE
		FROM EWS_EMP_GROUP_REFER T,
		EWS_GROUP_EMP S, EWS_GROUP_INDEX N
		WHERE N.WARN_INDEX_NO =
		#{warIndexNo}
		AND T.GROUP_NO = N.GROUP_NO
		AND T.EMP_ID = S.EMP_ID
		AND S.IS_VALID='Y'
	</select>

</mapper>