<?xml version="1.0" encoding="UTF-8"?>
<!DOCTYPE mapper PUBLIC "-//mybatis.org//DTD Mapper 3.0//EN" "http://mybatis.org/dtd/mybatis-3-mapper.dtd">

<mapper namespace="com.sfpay.ews.dao.IEwsEffectDao">
	<resultMap id="ewsEffectMap" type="com.sfpay.ews.platform.domain.EwsEffect">
		<id column="ID" jdbcType="NUMERIC" property="id" />
		<result column="EFFECT_CODE" jdbcType="VARCHAR" property="effectCode" />
		<result column="EFFECT_NAME" jdbcType="VARCHAR" property="effectName" />
		<result column="EFFECT_TIME" jdbcType="NUMERIC" property="effectTime" />
		<result column="OVER_EFFECT_TIME" jdbcType="NUMERIC" property="overEffectTime" />
		<result column="WARN_CLASS_CODE" jdbcType="VARCHAR" property="warnClassCode" />
		<result column="WARN_CLASS_NAME" jdbcType="VARCHAR" property="warnClassName" />
		<result column="WARN_LEVEL" jdbcType="VARCHAR" property="warnLevel" />
		<result column="WARN_LEVEL_NAME" jdbcType="VARCHAR" property="warnLevelName" />
		<result column="THRESHOLD_LEVEL" jdbcType="VARCHAR" property="thresholdLevel" />
		<result column="REMARK" jdbcType="VARCHAR" property="remark" />
		<result column="CREATE_ID" jdbcType="VARCHAR" property="createId" />
		<result column="CREATE_TIME" jdbcType="TIMESTAMP" property="createTime" />
		<result column="UPDATE_ID" jdbcType="VARCHAR" property="updateId" />
		<result column="UPDATE_TIME" jdbcType="TIMESTAMP" property="updateTime" />
	</resultMap>

	<!-- 插入数据 -->
	<insert id="addEwsEffect" parameterType="com.sfpay.ews.platform.domain.EwsEffect">
		insert into EWS_EFFECT
			(ID, EFFECT_CODE, EFFECT_NAME, EFFECT_TIME,OVER_EFFECT_TIME, WARN_CLASS_CODE, WARN_LEVEL, THRESHOLD_LEVEL, REMARK, CREATE_ID, 
			CREATE_TIME)
		values(
			<selectKey keyProperty="id" resultType="long" order="BEFORE">
				select SEQ_EWS_EFFECT.Nextval as id from DUAL
			</selectKey>
			#{id,jdbcType=NUMERIC}, #{effectCode,jdbcType=VARCHAR}, #{effectName,jdbcType=VARCHAR}, #{effectTime,jdbcType=NUMERIC},  
			#{overEffectTime,jdbcType=NUMERIC},	#{warnClassCode,jdbcType=VARCHAR}, #{warnLevel,jdbcType=VARCHAR}, #{thresholdLevel,jdbcType=VARCHAR}, 
			#{remark,jdbcType=VARCHAR}, #{createId,jdbcType=VARCHAR}, sysdate
		)
	</insert>

	<!-- 更新数据 -->
	<update id="updateEwsEffect">
		update EWS_EFFECT
		<set>
			<if test="effectCode != null and effectCode != ''">EFFECT_CODE = #{effectCode,jdbcType=VARCHAR},</if>
			<if test="effectName != null and effectName != ''">EFFECT_NAME = #{effectName,jdbcType=VARCHAR},</if>
			<if test="effectTime != null">EFFECT_TIME = #{effectTime,jdbcType=NUMERIC},</if>
			<if test="overEffectTime != null">OVER_EFFECT_TIME = #{overEffectTime,jdbcType=NUMERIC},</if>
			<if test="warnClassCode != null and warnClassCode != ''">WARN_CLASS_CODE = #{warnClassCode,jdbcType=VARCHAR},</if>
			<if test="warnLevel != null and warnLevel != ''">WARN_LEVEL = #{warnLevel,jdbcType=VARCHAR},</if>
			<if test="thresholdLevel != null and thresholdLevel != ''">THRESHOLD_LEVEL = #{thresholdLevel,jdbcType=VARCHAR},</if>
			<if test="remark != null and remark != ''">REMARK = #{remark,jdbcType=VARCHAR},</if>
			<if test="updateId != null and updateId != ''">UPDATE_ID = #{updateId,jdbcType=VARCHAR},</if>
			UPDATE_TIME = sysdate
		</set>
		where ID = #{id}
	</update>

	<!-- 删除数据 -->
	<delete id="deleteEwsEffect">
		delete from EWS_EFFECT where ID = #{id}
	</delete>

	<!-- 通过主键字段查询数据 -->
	<select id="queryById" resultMap="ewsEffectMap" parameterType="com.sfpay.ews.platform.domain.EwsEffect">
		SELECT E.ID,E.EFFECT_CODE,E.EFFECT_NAME,E.EFFECT_TIME,E.OVER_EFFECT_TIME,E.WARN_CLASS_CODE,
       				S.PARAM_NAME WARN_CLASS_NAME,E.WARN_LEVEL,P.PARAM_NAME WARN_LEVEL_NAME,E.THRESHOLD_LEVEL,E.REMARK,E.CREATE_ID,
       				E.CREATE_TIME,E.UPDATE_ID,E.UPDATE_TIME
       		FROM EWS_EFFECT E
  				LEFT JOIN EWS_PARAM S
 				ON E.WARN_CLASS_CODE=S.PARAM_CODE
 				LEFT JOIN EWS_PARAM P
 				ON E.WARN_LEVEL=P.PARAM_CODE
 			WHERE
			 	S.PARAM_TYPE_CODE='WARN_CLASS_CODE'
  				AND P.PARAM_TYPE_CODE='WARN_LEVEL'	
  				AND E.ID = #{id}
	</select>
	
	<!-- 通过主键字段查询数据 -->
	<select id="queryByEffectCode" resultMap="ewsEffectMap" parameterType="com.sfpay.ews.platform.domain.EwsEffect">
		select	ID, EFFECT_CODE, EFFECT_NAME, EFFECT_TIME,OVER_EFFECT_TIME, WARN_CLASS_CODE, WARN_LEVEL, THRESHOLD_LEVEL, REMARK, CREATE_ID, 
			CREATE_TIME, UPDATE_ID, UPDATE_TIME
		from EWS_EFFECT
		where
			EFFECT_CODE = #{effectCode}
	</select>

	<!-- 查询所有数据 -->
	<select id="queryAll" resultMap="ewsEffectMap" parameterType="com.sfpay.ews.platform.domain.EwsEffect">
		select	ID, EFFECT_CODE, EFFECT_NAME, EFFECT_TIME,OVER_EFFECT_TIME, WARN_CLASS_CODE, WARN_LEVEL, THRESHOLD_LEVEL, REMARK, CREATE_ID, 
			CREATE_TIME, UPDATE_ID, UPDATE_TIME
		from EWS_EFFECT
	</select>

	<!-- 通过参数查询 -->
	<select id="queryEwsEffectByParam" resultMap="ewsEffectMap" parameterType="com.sfpay.ews.platform.domain.EwsEffect">
		select	ID, EFFECT_CODE, EFFECT_NAME, EFFECT_TIME,OVER_EFFECT_TIME, WARN_CLASS_CODE, WARN_LEVEL, THRESHOLD_LEVEL, REMARK, CREATE_ID, 
			CREATE_TIME, UPDATE_ID, UPDATE_TIME
		from EWS_EFFECT
		<where>
			<if test="effectCode != null and effectCode != ''">and EFFECT_CODE = #{effectCode}</if>
			<if test="effectName != null and effectName != ''">and EFFECT_NAME = #{effectName}</if>
			<if test="effectTime != null">and EFFECT_TIME = #{effectTime}</if>
			<if test="overEffectTime != null">and OVER_EFFECT_TIME = #{overEffectTime}</if>
			<if test="warnClassCode != null and warnClassCode != ''">and WARN_CLASS_CODE = #{warnClassCode}</if>
			<if test="thresholdLevel != null and thresholdLevel != ''">and THRESHOLD_LEVEL = #{thresholdLevel}</if>
			<if test="warnLevel != null and warnLevel != ''">and WARN_LEVEL = #{warnLevel}</if>
		</where>
	</select>
	
	<select id="queryByWarnClassAndWarnLevel" resultMap="ewsEffectMap">
		select	ID, EFFECT_CODE, EFFECT_NAME, EFFECT_TIME, OVER_EFFECT_TIME, WARN_CLASS_CODE, WARN_LEVEL, THRESHOLD_LEVEL, REMARK, CREATE_ID, 
			CREATE_TIME, UPDATE_ID, UPDATE_TIME
		from EWS_EFFECT
		where 
			WARN_CLASS_CODE = #{warnClassCode}
			and
			WARN_LEVEL = #{warnLevel}
	</select>
	
	<select id="selectEwsEffectCount" resultType="long">
		select count(0) 
		from EWS_EFFECT E 
		<where>
		  	<if test="param.effectCode != null and param.effectCode != ''">
				and E.EFFECT_CODE  like CONCAT('%',CONCAT('${param.effectCode}','%' ))
			</if>
			<if test="param.warnClassCode != null and param.warnClassCode != ''">
				and E.WARN_CLASS_CODE ='${param.warnClassCode}'
			</if>
			<if test="param.warnLevel != null and param.warnLevel != ''">
				and E.WARN_LEVEL ='${param.warnLevel}'
			</if>
		</where>
	</select>
	
	<select id="selectEwsEffectByPage" resultMap="ewsEffectMap">
		select * from (select t.*,rownum rn from (
			SELECT E.ID,E.EFFECT_CODE,E.EFFECT_NAME,E.EFFECT_TIME,E.OVER_EFFECT_TIME,E.WARN_CLASS_CODE,
       				S.PARAM_NAME WARN_CLASS_NAME,E.WARN_LEVEL,P.PARAM_NAME WARN_LEVEL_NAME,E.THRESHOLD_LEVEL,E.REMARK,E.CREATE_ID,
       				E.CREATE_TIME,E.UPDATE_ID,E.UPDATE_TIME
       		FROM EWS_EFFECT E
  				LEFT JOIN EWS_PARAM S
 				ON E.WARN_CLASS_CODE=S.PARAM_CODE
 				LEFT JOIN EWS_PARAM P
 				ON E.WARN_LEVEL=P.PARAM_CODE
			 <where>
			 	S.PARAM_TYPE_CODE='WARN_CLASS_CODE'
  				AND P.PARAM_TYPE_CODE='WARN_LEVEL'
		  		<if test="param.effectCode != null and param.effectCode != ''">
					and E.EFFECT_CODE  like CONCAT('%',CONCAT('${param.effectCode}','%' ))
				</if>
				<if test="param.warnClassCode != null and param.warnClassCode != ''">
					and E.WARN_CLASS_CODE ='${param.warnClassCode}'
				</if>
				<if test="param.warnLevel != null and param.warnLevel != ''">
					and E.WARN_LEVEL ='${param.warnLevel}'
				</if>
		</where> order by E.WARN_CLASS_CODE asc 
		 <![CDATA[) t where rownum <= #{index}*#{size}) where rn >= ((#{index}-1)*#{size}+1)]]>
	</select>
    

</mapper>