<?xml version="1.0" encoding="UTF-8"?>
<!DOCTYPE mapper PUBLIC "-//mybatis.org//DTD Mapper 3.0//EN" "http://mybatis.org/dtd/mybatis-3-mapper.dtd">

<mapper namespace="com.sfpay.ews.dao.IEwsGroupDefDao">
	<resultMap id="ewsGroupDefMap" type="com.sfpay.ews.platform.domain.EwsGroupDef">
		<result column="GROUP_NO" jdbcType="VARCHAR" property="groupNo" />
		<result column="GROUP_NAME" jdbcType="VARCHAR" property="groupName" />
		<result column="GROUP_EXPLAIN" jdbcType="VARCHAR" property="groupExplain" />
		<result column="IS_VALID" jdbcType="VARCHAR" property="isValid" />
		<result column="REMARK" jdbcType="VARCHAR" property="remark" />
		<result column="CREATE_ID" jdbcType="VARCHAR" property="createId" />
		<result column="CREATE_TIME" jdbcType="TIMESTAMP" property="createTime" />
		<result column="UPDATE_ID" jdbcType="VARCHAR" property="updateId" />
		<result column="UPDATE_TIME" jdbcType="TIMESTAMP" property="updateTime" />
	</resultMap>
	
	<resultMap id="ewsIndexDefMap" type="com.sfpay.ews.platform.domain.EwsIndexDef">
		<result column="warn_index_no" jdbcType="VARCHAR" property="warnIndexNo" />
		<result column="warn_index_name" jdbcType="VARCHAR" property="warnIndexName" />
		<result column="warn_source" jdbcType="VARCHAR" property="warnSource" />
		<result column="effect_code" jdbcType="VARCHAR" property="effectCode" />
		<result column="warn_stage" jdbcType="VARCHAR" property="warnStage" />
		<result column="warn_property" jdbcType="VARCHAR" property="warnProperty" />
		<result column="is_valid" jdbcType="VARCHAR" property="isValid" />
		<result column="mail_title_template" jdbcType="VARCHAR"	property="mailTitleTemplate" />
		<result column="mail_context_template" jdbcType="VARCHAR" property="mailContextTemplate" />
		<result column="rule_template" jdbcType="VARCHAR" property="ruleTemplate" />
		<result column="cron_express" jdbcType="VARCHAR" property="cronExpress" />
		<result column="run_status" jdbcType="VARCHAR" property="runStatus" />
		<result column="status" jdbcType="VARCHAR" property="status" />
		<result column="remark" jdbcType="VARCHAR" property="remark" />
		<result column="create_id" jdbcType="VARCHAR" property="createId" />
		<result column="create_time" jdbcType="TIMESTAMP" property="createTime" />
		<result column="update_id" jdbcType="VARCHAR" property="updateId" />
		<result column="update_time" jdbcType="TIMESTAMP" property="updateTime" />

		<result column="warn_source_name" jdbcType="VARCHAR" property="warnSourceName" />
		<result column="warn_stage_name" jdbcType="VARCHAR" property="warnStageName" />
		<result column="warn_property_name" jdbcType="VARCHAR" property="warnPropertyName" />
		<result column="warn_level" jdbcType="VARCHAR" property="warnLevel" />
		<result column="warn_level_name" jdbcType="VARCHAR" property="warnLevelName" />
		<result column="warn_class_code" jdbcType="VARCHAR" property="warnClassCode" />
		<result column="warn_class_name" jdbcType="VARCHAR" property="warnClassName" />
		<result column="opr_flag" jdbcType="VARCHAR" property="oprFlag" />
	</resultMap>

	<!-- 插入数据 -->
	<insert id="addEwsGroupDef" parameterType="com.sfpay.ews.platform.domain.EwsGroupDef">
		insert into EWS_GROUP_DEF
			(GROUP_NO, GROUP_NAME, GROUP_EXPLAIN, IS_VALID, REMARK, CREATE_ID, CREATE_TIME, UPDATE_ID, 
			UPDATE_TIME)
		values(
			#{groupNo,jdbcType=VARCHAR}, #{groupName,jdbcType=VARCHAR}, #{groupExplain,jdbcType=VARCHAR}, 
			#{isValid,jdbcType=VARCHAR}, #{remark,jdbcType=VARCHAR}, #{createId,jdbcType=VARCHAR}, #{createTime,jdbcType=TIMESTAMP}, 
			#{updateId,jdbcType=VARCHAR}, #{updateTime,jdbcType=TIMESTAMP}
		)
	</insert>

	<!-- 更新数据 -->
	<update id="updateEwsGroupDef" parameterType="com.sfpay.ews.platform.domain.EwsGroupDef">
		update EWS_GROUP_DEF
		<set>
			<if test="groupName != null and groupName != ''">GROUP_NAME = #{groupName,jdbcType=VARCHAR},</if>
			<if test="groupExplain != null and groupExplain != ''">GROUP_EXPLAIN = #{groupExplain,jdbcType=VARCHAR},</if>
			<if test="isValid != null and isValid != ''">IS_VALID = #{isValid,jdbcType=VARCHAR},</if>
			<if test="remark != null and remark != ''">REMARK = #{remark,jdbcType=VARCHAR},</if>
			<if test="updateId != null and updateId != ''">UPDATE_ID = #{updateId,jdbcType=VARCHAR},</if>
			<if test="updateTime != null">UPDATE_TIME = sysdate,</if>
		</set>
		where GROUP_NO = #{groupNo,jdbcType=VARCHAR}
		
	</update>

	<!-- 删除数据 -->
	<delete id="delEwsGroupDef">
		delete from EWS_GROUP_DEF w where GROUP_NO=#{groupNo,jdbcType=VARCHAR}
	</delete>

	<!-- 通过主键字段查询数据 -->
	<select id="queryByGroupNo" resultMap="ewsGroupDefMap" parameterType="com.sfpay.ews.platform.domain.EwsGroupDef">
		select	GROUP_NO, GROUP_NAME, GROUP_EXPLAIN, IS_VALID, REMARK, CREATE_ID, CREATE_TIME, UPDATE_ID, 
			UPDATE_TIME
		from EWS_GROUP_DEF
		where GROUP_NO=#{groupNo,jdbcType=VARCHAR}
	</select>

	<!-- 通过参数查询 -->
	<select id="queryEwsGroupDefByParam" resultMap="ewsGroupDefMap" parameterType="com.sfpay.ews.platform.domain.EwsGroupDef">
		select	GROUP_NO, GROUP_NAME, GROUP_EXPLAIN, IS_VALID, REMARK, CREATE_ID, CREATE_TIME, UPDATE_ID, 
			UPDATE_TIME
		from EWS_GROUP_DEF
		<where>
			<if test="groupNo != null and groupNo != ''">and GROUP_NO like CONCAT('%',CONCAT('${groupNo}','%' ))</if>
			<if test="groupName != null and groupName != ''">and GROUP_NAME like CONCAT('%',CONCAT('${groupName}','%' ))</if>
			<if test="groupExplain != null and groupExplain != ''">and GROUP_EXPLAIN = #{groupExplain}</if>
			<if test="isValid != null and isValid != ''">and IS_VALID = #{isValid}</if>
			<if test="remark != null and remark != ''">and REMARK = #{remark}</if>
		</where>
	</select>
	
	<!-- 通过参数查询总数 -->
	<select id="queryEwsGroupDefCntByParam" resultType="java.lang.Long" parameterType="com.sfpay.ews.platform.domain.EwsGroupDef">
		select	count(*)
		from EWS_GROUP_DEF
		<where>
			<if test="groupNo != null and groupNo != ''">and GROUP_NO like CONCAT('%',CONCAT('${groupNo}','%' ))</if>
			<if test="groupName != null and groupName != ''">and GROUP_NAME like CONCAT('%',CONCAT('${groupName}','%' ))</if>
			<if test="groupExplain != null and groupExplain != ''">and GROUP_EXPLAIN = #{groupExplain}</if>
			<if test="isValid != null and isValid != ''">and IS_VALID = #{isValid}</if>
			<if test="remark != null and remark != ''">and REMARK = #{remark}</if>
		</where>
	</select>

	<!-- 排序+分页 -->
	<select id="queryEwsGroupDefByOrderPage" resultMap="ewsGroupDefMap" parameterType="java.util.Map">
		select	GROUP_NO, GROUP_NAME, GROUP_EXPLAIN, IS_VALID, REMARK, CREATE_ID, CREATE_TIME, UPDATE_ID, 
			UPDATE_TIME
		from
			(	select GROUP_NO, GROUP_NAME, GROUP_EXPLAIN, IS_VALID, REMARK, CREATE_ID, CREATE_TIME, UPDATE_ID, 
					UPDATE_TIME, rownum r
				from
					(	select GROUP_NO, GROUP_NAME, GROUP_EXPLAIN, IS_VALID, REMARK, CREATE_ID, 
							CREATE_TIME, UPDATE_ID, UPDATE_TIME
						from EWS_GROUP_DEF
						<where>
							<if test="ewsGroupDef.groupNo != null and ewsGroupDef.groupNo != ''">and GROUP_NO like CONCAT('%',CONCAT('${ewsGroupDef.groupNo}','%' ))</if>
							<if test="ewsGroupDef.groupName != null and ewsGroupDef.groupName != ''">and GROUP_NAME like CONCAT('%',CONCAT('${ewsGroupDef.groupName}','%' ))</if>
							<if test="isValid != null and isValid != ''">and IS_VALID = #{isValid}</if>
						</where>
						order by CREATE_TIME desc <!-- 排序字段，需修改 -->
					) t1
				where rownum &lt;= #{end}
			)
		where r &gt;= #{start}
	</select>
	
	<!-- 通过主键字段查询授权的指标 -->
	<select id="queryAuthIndexByGroupNo" resultMap="ewsIndexDefMap" >
		select t.*
  		from ews_warn_index_def t
  		left join ews_group_index s on t.warn_index_no = s.warn_index_no
		where S.GROUP_NO=#{groupNo,jdbcType=VARCHAR}
		and s.create_id = 'N'
	</select>
	
	<!-- 通过主键字段查询未授权的指标 -->
	<select id="queryUnAuthIndexByGroupNo" resultMap="ewsIndexDefMap" >
		select t.*
  		from ews_warn_index_def t
 		WHERE not exists (select 1
          from ews_group_index s
         where t.warn_index_no = s.warn_index_no
           and S.GROUP_NO = #{groupNo,jdbcType=VARCHAR}
           and s.create_id = 'N')
	</select>

</mapper>
