<?xml version="1.0" encoding="UTF-8" ?>
<!DOCTYPE mapper PUBLIC "-//mybatis.org//DTD Mapper 3.0//EN" "http://mybatis.org/dtd/mybatis-3-mapper.dtd" >
<mapper namespace="com.sfpay.ews.dao.IEwsGroupEmpDao">

    <!-- 预警通知 -->
    <resultMap id="groupEmpMapper" type="com.sfpay.ews.platform.domain.EwsGroupEmp">
       <!--  <result column="ID" property="id" />    -->
        <result column="EMP_ID" jdbcType="VARCHAR" property="empId" />
        <result column="EMP_NAME" jdbcType="VARCHAR" property="empName" />
        <result column="EMP_MAIL" jdbcType="VARCHAR" property="empMail" />
        <result column="EMP_MOBILE" jdbcType="VARCHAR" property="empMobile" />
        <result column="GROUP_NO_LIST" jdbcType="VARCHAR" property="groupNoList" />        
        <result column="REMARK" jdbcType="VARCHAR" property="remark" />
        <result column="IS_MAIL_NOTIFY" jdbcType="VARCHAR" property="isMailNotify" />
        <result column="IS_SMS_NOTIFY" jdbcType="VARCHAR" property="isSmsNotify" />
        <result column="CREATE_ID" jdbcType="VARCHAR" property="createId" />
        <result column="CREATE_TIME" jdbcType="TIMESTAMP" property="createTime" />
        <result column="UPDATE_ID" jdbcType="VARCHAR" property="updateId" />
        <result column="UPDATE_TIME" jdbcType="TIMESTAMP" property="updateTime" />
        <result column="IS_VALID" jdbcType="VARCHAR" property="isValid" />
    </resultMap>
    
      <!-- 根据指标代码找出对应的有效人员; -->
    <select id="queryNotifyEmpByIndexNo" resultMap="groupEmpMapper">    
          <![CDATA[ SELECT * FROM (         	
		 	SELECT ep.emp_id,ep.emp_name,ep.emp_mail,
		        ep.emp_mobile,ep.group_no_list,ep.remark,
		        ep.is_mail_notify,ep.is_sms_notify,ep.is_valid,
		        ep.create_id,ep.create_time,ep.update_id,
		        ep.update_time
		  FROM ews_group_emp ep
		 WHERE ep.is_valid='Y'
		   AND EXISTS 
		   (SELECT 'X' FROM ews_group_index gi
		    WHERE gi.warn_index_no=#{indexNo}
		      AND instr(',' || ep.group_no_list || ',', ',' || gi.group_no || ',')>0  )
		     ORDER BY ep.emp_id 
           ) t ]]>
    </select>
    
    
	<insert id="insertEwsGroupEmp" parameterType="com.sfpay.ews.platform.domain.EwsGroupEmp">
   		insert into ews_group_emp(EMP_ID,EMP_NAME,EMP_MAIL,EMP_MOBILE,GROUP_NO_LIST,REMARK,IS_MAIL_NOTIFY,IS_SMS_NOTIFY,CREATE_ID,CREATE_TIME,UPDATE_ID,UPDATE_TIME,IS_VALID
  			)
   		values(
   				#{empId,jdbcType=VARCHAR},
   				#{empName,jdbcType=VARCHAR},
   				#{empMail,jdbcType=VARCHAR},
   				#{empMobile,jdbcType=VARCHAR},
   				#{groupNoList,jdbcType=VARCHAR},
   				#{remark,jdbcType=VARCHAR},
   				#{isMailNotify,jdbcType=VARCHAR},
   				#{isSmsNotify,jdbcType=VARCHAR},
   				#{createId,jdbcType=VARCHAR},
   				#{createTime,jdbcType=TIMESTAMP},
   				#{updateId,jdbcType=VARCHAR},
   				#{updateTime,jdbcType=TIMESTAMP},
   				#{isValid,jdbcType=VARCHAR}
   			)
	</insert>
	
	<select id="selectGroupEmpCount" resultType="int">
		select count(0) 
		from ews_group_emp e 
		<include refid="groupEmpConditions"/>
	</select>
	
	<select id="selectGroupEmpByPage" resultMap="groupEmpMapper">
		select * from (select t.*,rownum rn from (
			SELECT E.EMP_ID,E.EMP_NAME,E.EMP_MAIL,E.EMP_MOBILE,E.REMARK,
       			   N.GROUP_NO_LIST,E.IS_VALID,E.CREATE_ID,E.CREATE_TIME,
       			   E.UPDATE_ID,E.UPDATE_TIME
	   			   FROM EWS_GROUP_EMP E
  				   LEFT JOIN (SELECT WM_CONCAT(M.GROUP_NO) GROUP_NO_LIST, M.EMP_ID
           FROM EWS_EMP_GROUP_REFER M
           GROUP BY M.EMP_ID) N ON E.EMP_ID = N.EMP_ID
			 <include refid="groupEmpConditions"/> order by e.EMP_ID asc 
		 <![CDATA[) t where rownum <= #{index}*#{size}) where rn >= ((#{index}-1)*#{size}+1)]]>
	</select>
    
    <sql id="groupEmpConditions">
    	<where>
		  	<if test="param.empId != null and param.empId != ''">
				and e.emp_id  like CONCAT('%',CONCAT('${param.empId}','%' ))
			</if>
			<if test="param.empMobile != null and param.empMobile != ''">
				and e.EMP_MOBILE like CONCAT('%',CONCAT('${param.empMobile}','%' ))
			</if>
			<if test="param.empMail != null and param.empMail != ''">
				and e.EMP_MAIL like CONCAT('%',CONCAT('${param.empMail}','%' ))
			</if>
			<if test="param.groupNoList != null and param.groupNoList != ''">
				 and e.group_no_list like '%${param.groupNoList}%'
				 
			</if>
		</where>
    </sql>
    
    <select id="selectGroupEmpByEmpId" resultMap="groupEmpMapper">
    	select * from ews_group_emp e where e.emp_id = #{empId,jdbcType=VARCHAR}
    </select>

	<update id="updateWarnGroupEmp" parameterType="com.sfpay.ews.platform.domain.EwsGroupEmp">
		update ews_group_emp e
		set e.emp_name = #{empName,jdbcType=VARCHAR},
		    e.emp_mail = #{empMail,jdbcType=VARCHAR},
		    e.emp_mobile = #{empMobile,jdbcType=VARCHAR},
		    e.group_no_list = #{groupNoList,jdbcType=VARCHAR},
		    e.remark = #{remark,jdbcType=VARCHAR},
		    e.is_mail_notify = #{isMailNotify,jdbcType=VARCHAR},
		    e.is_sms_notify = #{isSmsNotify,jdbcType=VARCHAR},
		    e.update_id = #{updateId,jdbcType=VARCHAR},
		    e.update_time = #{updateTime,jdbcType=TIMESTAMP},
		    e.is_valid = #{isValid,jdbcType=VARCHAR}
		where e.emp_id = #{empId}
	</update>
	
	
	
</mapper>
