<?xml version="1.0" encoding="UTF-8"?>
<!DOCTYPE mapper PUBLIC "-//mybatis.org//DTD Mapper 3.0//EN" "http://mybatis.org/dtd/mybatis-3-mapper.dtd">

<mapper namespace="com.sfpay.ews.dao.IEwsGroupIndexDao">
	<resultMap id="ewsGroupIndexMap" type="com.sfpay.ews.platform.domain.EwsGroupIndex">
		<id column="ID" jdbcType="NUMERIC" property="id" />
		<result column="GROUP_NO" jdbcType="VARCHAR" property="groupNo" />
		<result column="WARN_INDEX_NO" jdbcType="VARCHAR" property="warnIndexNo" />
		<result column="CREATE_ID" jdbcType="VARCHAR" property="createId" />
		<result column="CREATE_TIME" jdbcType="TIMESTAMP" property="createTime" />
		<result column="UPDATE_ID" jdbcType="VARCHAR" property="updateId" />
		<result column="UPDATE_TIME" jdbcType="TIMESTAMP" property="updateTime" />
	</resultMap>

	<!-- 插入数据 -->
	<insert id="addEwsGroupIndex" parameterType="com.sfpay.ews.platform.domain.EwsGroupIndex">
		insert into EWS_GROUP_INDEX
			(ID, GROUP_NO, WARN_INDEX_NO, CREATE_ID, CREATE_TIME)
		values(
			<selectKey keyProperty="id" resultType="long" order="BEFORE">
				select SEQ_EWS_GROUP_INDEX.Nextval as id from DUAL
			</selectKey>
			#{id,jdbcType=NUMERIC}, #{groupNo,jdbcType=VARCHAR}, #{warnIndexNo,jdbcType=VARCHAR}, 'N', sysdate)
	</insert>

	<!-- 更新数据 -->
	<update id="updateEwsGroupIndex">
		update EWS_GROUP_INDEX
		<set>
			<if test="groupNo != null and groupNo != ''">GROUP_NO = #{groupNo,jdbcType=VARCHAR},</if>
			<if test="warnIndexNo != null and warnIndexNo != ''">WARN_INDEX_NO = #{warnIndexNo,jdbcType=VARCHAR},</if>
			<if test="createId != null and createId != ''">CREATE_ID = #{createId,jdbcType=VARCHAR},</if>
			<if test="createTime != null">CREATE_TIME = #{createTime,jdbcType=TIMESTAMP},</if>
			<if test="updateId != null and updateId != ''">UPDATE_ID = #{updateId,jdbcType=VARCHAR},</if>
			<if test="updateTime != null">UPDATE_TIME = #{updateTime,jdbcType=TIMESTAMP},</if>
		</set>
		where ID = #{id}
	</update>

	<!-- 删除数据 -->
	<delete id="delEwsGroupIndex">
		delete from EWS_GROUP_INDEX where ID = #{id}
	</delete>
	
	<!-- 删除数据 -->
	<delete id="deleteEwsGroupIndexByGroupNo">
		delete from EWS_GROUP_INDEX where GROUP_NO = #{groupNo,jdbcType=VARCHAR}
		and create_id='N'
	</delete>

	<!-- 通过主键字段查询数据 -->
	<select id="queryById" resultMap="ewsGroupIndexMap" parameterType="com.sfpay.ews.platform.domain.EwsGroupIndex">
		select	ID, GROUP_NO, WARN_INDEX_NO, CREATE_ID, CREATE_TIME, UPDATE_ID, UPDATE_TIME
		from EWS_GROUP_INDEX
		where
			ID = #{id}
	</select>

	<!-- 查询所有数据 -->
	<select id="queryAll" resultMap="ewsGroupIndexMap" parameterType="com.sfpay.ews.platform.domain.EwsGroupIndex">
		select	ID, GROUP_NO, WARN_INDEX_NO, CREATE_ID, CREATE_TIME, UPDATE_ID, UPDATE_TIME
		from EWS_GROUP_INDEX
	</select>

	<!-- 通过参数查询 -->
	<select id="queryEwsGroupIndexByParam" resultMap="ewsGroupIndexMap" parameterType="com.sfpay.ews.platform.domain.EwsGroupIndex">
		select	ID, GROUP_NO, WARN_INDEX_NO, CREATE_ID, CREATE_TIME, UPDATE_ID, UPDATE_TIME
		from EWS_GROUP_INDEX
		<where>
			<if test="groupNo != null and groupNo != ''">and GROUP_NO = #{groupNo}</if>
			<if test="warnIndexNo != null and warnIndexNo != ''">and WARN_INDEX_NO = #{warnIndexNo}</if>
			<if test="createId != null and createId != ''">and CREATE_ID = #{createId}</if>
			<if test="createTime != null">and CREATE_TIME = #{createTime}</if>
			<if test="updateId != null and updateId != ''">and UPDATE_ID = #{updateId}</if>
			<if test="updateTime != null">and UPDATE_TIME = #{updateTime}</if>
		</where>
	</select>

	<!-- 通过参数查询 -->
	<select id="queryEwsGroupIndex" resultMap="ewsGroupIndexMap" parameterType="com.sfpay.ews.platform.domain.EwsGroupIndex">
		select	ID, GROUP_NO, WARN_INDEX_NO, CREATE_ID, CREATE_TIME, UPDATE_ID, UPDATE_TIME
		from EWS_GROUP_INDEX
		where 
			GROUP_NO = #{groupNo} 
			and WARN_INDEX_NO = #{warnIndexNo}
	</select>

	<!-- 不排序直接分页 -->
	<select id="queryEwsGroupIndexByPage" resultMap="ewsGroupIndexMap" parameterType="com.sfpay.ews.platform.domain.EwsGroupIndex">
		select	ID, GROUP_NO, WARN_INDEX_NO, CREATE_ID, CREATE_TIME, UPDATE_ID, UPDATE_TIME
		from
			(	select ID, GROUP_NO, WARN_INDEX_NO, CREATE_ID, CREATE_TIME, UPDATE_ID, UPDATE_TIME, rownum r
				from EWS_GROUP_INDEX
				where rownum &lt;= #{end}
			)
		where r &gt;= #{start}
	</select>

	<!-- 排序+分页 -->
	<select id="queryEwsGroupIndexByOrderPage" resultMap="ewsGroupIndexMap" parameterType="com.sfpay.ews.platform.domain.EwsGroupIndex">
		select	ID, GROUP_NO, WARN_INDEX_NO, CREATE_ID, CREATE_TIME, UPDATE_ID, UPDATE_TIME
		from
			(	select ID, GROUP_NO, WARN_INDEX_NO, CREATE_ID, CREATE_TIME, UPDATE_ID, UPDATE_TIME, rownum r
				from
					(	select ID, 
							GROUP_NO, WARN_INDEX_NO, CREATE_ID, CREATE_TIME, UPDATE_ID, UPDATE_TIME
						from EWS_GROUP_INDEX
						order by UPDATE_TIME <!-- 排序字段，需修改 -->
					) t1
				where rownum &lt;= #{end}
			)
		where r &gt;= #{start}
	</select>

</mapper>