<?xml version="1.0" encoding="UTF-8"?>
<!DOCTYPE mapper PUBLIC "-//mybatis.org//DTD Mapper 3.0//EN" "http://mybatis.org/dtd/mybatis-3-mapper.dtd">

<mapper namespace="com.sfpay.ews.dao.IEwsIndexGroupReferDao">
	<resultMap id="EwsIndexGroupReferMap" type="com.sfpay.ews.platform.domain.EwsIndexGroupRefer">
		<id column="ID" jdbcType="NUMERIC" property="id" />
		<result column="WARN_INDEX_NO" jdbcType="VARCHAR" property="warnIndexNo" />
		<result column="WARN_INDEX_GROUP_NO" jdbcType="VARCHAR" property="warnIndexGroupNo" />
		<result column="CREATE_ID" jdbcType="VARCHAR" property="createId" />
		<result column="CREATE_TIME" jdbcType="TIMESTAMP" property="createTime" />
		<result column="UPDATE_ID" jdbcType="VARCHAR" property="updateId" />
		<result column="UPDATE_TIME" jdbcType="TIMESTAMP" property="updateTime" />
	</resultMap>

	<insert id="addEwsIndexGroupRefer" parameterType="com.sfpay.ews.platform.domain.EwsIndexGroupRefer">
		insert into EWS_INDEX_GROUP_REFER
			(ID, WARN_INDEX_NO, WARN_INDEX_GROUP_NO, CREATE_ID, CREATE_TIME, UPDATE_ID, UPDATE_TIME)
		values(
			<selectKey keyProperty="id" resultType="long" order="BEFORE">
				select SEQ_EWS_INDEX_GROUP_REFER.Nextval as id from DUAL
			</selectKey>
			#{id,jdbcType=NUMERIC}, #{warnIndexNo,jdbcType=VARCHAR}, #{warnIndexGroupNo,jdbcType=VARCHAR}, 
			#{createId,jdbcType=VARCHAR}, #{createTime,jdbcType=TIMESTAMP}, #{updateId,jdbcType=VARCHAR}, #{updateTime,jdbcType=TIMESTAMP}
		)
	</insert>

	<update id="updateEwsIndexGroupRefer">
		update EWS_INDEX_GROUP_REFER
		<set>
			<if test="warnIndexNo != null and warnIndexNo != ''">WARN_INDEX_NO = #{warnIndexNo,jdbcType=VARCHAR},</if>
			<if test="warnIndexGroupNo != null and warnIndexGroupNo != ''">WARN_INDEX_GROUP_NO = #{warnIndexGroupNo,jdbcType=VARCHAR},</if>
			<if test="createId != null and createId != ''">CREATE_ID = #{createId,jdbcType=VARCHAR},</if>
			<if test="createTime != null">CREATE_TIME = #{createTime,jdbcType=TIMESTAMP},</if>
			<if test="updateId != null and updateId != ''">UPDATE_ID = #{updateId,jdbcType=VARCHAR},</if>
			<if test="updateTime != null">UPDATE_TIME = #{updateTime,jdbcType=TIMESTAMP},</if>
		</set>
		where ID = #{id}
	</update>

	<delete id="delEwsIndexGroupRefer">
		delete from EWS_INDEX_GROUP_REFER where ID = #{id}
	</delete>

	<select id="queryEwsIndexGroupReferByParam" resultMap="EwsIndexGroupReferMap" parameterType="com.sfpay.ews.platform.domain.EwsIndexGroupRefer">
		select ID, WARN_INDEX_NO, WARN_INDEX_GROUP_NO, CREATE_ID, CREATE_TIME, UPDATE_ID, UPDATE_TIME
		from EWS_INDEX_GROUP_REFER
		<where>
			<if test="warnIndexNo != null and warnIndexNo != ''">and WARN_INDEX_NO = #{warnIndexNo}</if>
			<if test="warnIndexGroupNo != null and warnIndexGroupNo != ''">and WARN_INDEX_GROUP_NO = #{warnIndexGroupNo}</if>
			<if test="createId != null and createId != ''">and CREATE_ID = #{createId}</if>
			<if test="createTime != null">and CREATE_TIME = #{createTime}</if>
			<if test="updateId != null and updateId != ''">and UPDATE_ID = #{updateId}</if>
			<if test="updateTime != null">and UPDATE_TIME = #{updateTime}</if>
		</where>
	</select>
	
	<select id="queryAll" resultMap="EwsIndexGroupReferMap">
		select ID, WARN_INDEX_NO, WARN_INDEX_GROUP_NO, CREATE_ID, CREATE_TIME, UPDATE_ID, UPDATE_TIME
		from EWS_INDEX_GROUP_REFER
	</select>
	
	<select id="queryByGroupNo" resultType="java.lang.String">
		select WARN_INDEX_NO
		from EWS_INDEX_GROUP_REFER
		where WARN_INDEX_GROUP_NO = #{groupNo}
	
	</select>

	<!-- 不排序直接分页 -->
	<select id="queryEwsIndexGroupReferByPage" resultMap="EwsIndexGroupReferMap" parameterType="com.sfpay.ews.platform.domain.EwsIndexGroupRefer">
		select ID, WARN_INDEX_NO, WARN_INDEX_GROUP_NO, CREATE_ID, CREATE_TIME, UPDATE_ID, UPDATE_TIME
		from
			(	select ID, WARN_INDEX_NO, WARN_INDEX_GROUP_NO, CREATE_ID, CREATE_TIME, UPDATE_ID, UPDATE_TIME, rownum r
				from EWS_INDEX_GROUP_REFER
				where rownum &lt;= #{end}
			)
		where r &gt;= #{start}
	</select>

	<!-- 排序+分页 -->
	<select id="queryEwsIndexGroupReferByOrderPage" resultMap="EwsIndexGroupReferMap" parameterType="com.sfpay.ews.platform.domain.EwsIndexGroupRefer">
		select ID, WARN_INDEX_NO, WARN_INDEX_GROUP_NO, CREATE_ID, CREATE_TIME, UPDATE_ID, UPDATE_TIME
		from
			(	select ID, WARN_INDEX_NO, WARN_INDEX_GROUP_NO, CREATE_ID, CREATE_TIME, UPDATE_ID, UPDATE_TIME, rownum r
				from
					(	select ID, 
							WARN_INDEX_NO, WARN_INDEX_GROUP_NO, CREATE_ID, CREATE_TIME, UPDATE_ID, 
							UPDATE_TIME
						from EWS_INDEX_GROUP_REFER
						order by UPDATE_TIME <!-- 排序字段，需修改 -->
					) t1
				where rownum &lt;= #{end}
			)
		where r &gt;= #{start}
	</select>

</mapper>