<?xml version="1.0" encoding="UTF-8" ?>
<!DOCTYPE mapper PUBLIC "-//mybatis.org//DTD Mapper 3.0//EN" "http://mybatis.org/dtd/mybatis-3-mapper.dtd" >
<mapper namespace="com.sfpay.ews.dao.IEwsIndexDefDao">
	<resultMap id="ewsIndexDefMapper" type="com.sfpay.ews.platform.domain.EwsIndexDef">
		<result column="warn_index_no" jdbcType="VARCHAR" property="warnIndexNo" />
		<result column="warn_index_name" jdbcType="VARCHAR" property="warnIndexName" />
		<result column="warn_source" jdbcType="VARCHAR" property="warnSource" />
		<result column="effect_code" jdbcType="VARCHAR" property="effectCode" />
		<result column="warn_stage" jdbcType="VARCHAR" property="warnStage" />
		<result column="warn_property" jdbcType="VARCHAR" property="warnProperty" />
		<result column="is_valid" jdbcType="VARCHAR" property="isValid" />
		<result column="mail_title_template" jdbcType="VARCHAR"	property="mailTitleTemplate" />
		<result column="mail_context_template" jdbcType="VARCHAR" property="mailContextTemplate" />
		<result column="rule_template" jdbcType="VARCHAR" property="ruleTemplate" />
		<result column="cron_express" jdbcType="VARCHAR" property="cronExpress" />
		<result column="run_status" jdbcType="VARCHAR" property="runStatus" />
		<result column="status" jdbcType="VARCHAR" property="status" />
		<result column="remark" jdbcType="VARCHAR" property="remark" />
		<result column="create_id" jdbcType="VARCHAR" property="createId" />
		<result column="create_time" jdbcType="TIMESTAMP" property="createTime" />
		<result column="update_id" jdbcType="VARCHAR" property="updateId" />
		<result column="update_time" jdbcType="TIMESTAMP" property="updateTime" />

		<result column="warn_source_name" jdbcType="VARCHAR" property="warnSourceName" />
		<result column="warn_stage_name" jdbcType="VARCHAR" property="warnStageName" />
		<result column="warn_property_name" jdbcType="VARCHAR" property="warnPropertyName" />
		<result column="warn_level" jdbcType="VARCHAR" property="warnLevel" />
		<result column="warn_level_name" jdbcType="VARCHAR" property="warnLevelName" />
		<result column="warn_class_code" jdbcType="VARCHAR" property="warnClassCode" />
		<result column="warn_class_name" jdbcType="VARCHAR" property="warnClassName" />
		<result column="opr_flag" jdbcType="VARCHAR" property="oprFlag" />
	</resultMap>

	<insert id="addEwsIndexDef" parameterType="com.sfpay.ews.platform.domain.EwsIndexDef">
		insert into ews_warn_index_def (
			warn_index_no,
			warn_index_name,
			warn_source,
			effect_code,
			warn_stage,
			warn_property,
			is_valid,
			mail_title_template,
			mail_context_template,
			rule_template,
			cron_express, 
			run_status,
			status,
			remark,
			create_id,
			create_time,
			update_id,
			update_time
		)
		values(
		#{warnIndexNo,jdbcType=VARCHAR},
		#{warnIndexName,jdbcType=VARCHAR},
		#{warnSource,jdbcType=VARCHAR},
		#{effectCode,jdbcType=VARCHAR},
		#{warnStage,jdbcType=VARCHAR},
		#{warnProperty,jdbcType=VARCHAR},
		#{isValid,jdbcType=VARCHAR},
		#{mailTitleTemplate,jdbcType=VARCHAR},
		#{mailContextTemplate,jdbcType=VARCHAR},
		#{ruleTemplate,jdbcType=VARCHAR},
		#{cronExpress,jdbcType=VARCHAR},
		'STOP',
		#{status,jdbcType=VARCHAR},
		#{remark,jdbcType=VARCHAR},
		#{createId,jdbcType=VARCHAR},
		sysdate,
		#{updateId,jdbcType=VARCHAR},
		#{updateTime,jdbcType=TIMESTAMP}
		)
	</insert>

	<select id="queryEwsIndexDefCount" resultType="int">
		select count(0)
		from ews_warn_index_def i
  			join ews_param p1 on i.warn_source = p1.param_code 
           	join ews_param p2 on i.warn_stage = p2.param_code
           	join ews_param p3 on i.warn_property = p3.param_code
           	join ews_effect e on i.effect_code = e.effect_code
           	join ews_param p4 on e.warn_level = p4.param_code
           	join ews_param p5 on e.warn_class_code = p5.param_code
		<where>
			<if test="param.warnIndexNo != null and param.warnIndexNo != ''">
				and i.warn_index_no like '%${param.warnIndexNo}%'
			</if>
			<if test="param.warnIndexName != null and param.warnIndexName != ''">
				and i.warn_index_name like '%${param.warnIndexName}%'
			</if>
			<if test="param.warnLevel != null and param.warnLevel != ''">
				and e.warn_level = #{param.warnLevel}
			</if>
			<if test="param.warnClassCode != null and param.warnClassCode != ''">
				and e.warn_class_code = #{param.warnClassCode}
			</if>
			<if test="param.warnStage != null and param.warnStage != ''">
				and i.warn_stage = #{param.warnStage}
			</if>
			<if test="param.warnProperty != null and param.warnProperty != ''">
				and i.warn_property = #{param.warnProperty}
			</if>
		</where>
	</select>

	<select id="queryEwsIndexDefByPage" resultMap="ewsIndexDefMapper">
		select * from (select t.*, rownum rn from (
		select  i.warn_index_no, i.warn_index_name, 
             i.is_valid, i.mail_title_template, i.mail_context_template, i.rule_template,
             i.cron_express, i.status, i.remark, 
             i.warn_source, p1.param_name warn_source_name, 
             i.warn_stage, p2.param_name warn_stage_name, 
             i.warn_property, p3.param_name warn_property_name, 
             i.effect_code, e.effect_name, e.warn_level, p4.param_name warn_level_name,
             e.warn_class_code, p5.param_name warn_class_name,
             i.create_id, i.create_time, i.update_id, i.update_time
		from ews_warn_index_def i 
           join ews_param p1 on i.warn_source = p1.param_code 
           join ews_param p2 on i.warn_stage = p2.param_code
           join ews_param p3 on i.warn_property = p3.param_code
           join ews_effect e on i.effect_code = e.effect_code
           join ews_param p4 on e.warn_level = p4.param_code
           join ews_param p5 on e.warn_class_code = p5.param_code
		<where>
			<if test="param.warnIndexNo != null and param.warnIndexNo != ''">
				and i.warn_index_no like '%${param.warnIndexNo}%'
			</if>
			<if test="param.warnIndexName != null and param.warnIndexName != ''">
				and i.warn_index_name like '%${param.warnIndexName}%'
			</if>
			<if test="param.warnLevel != null and param.warnLevel != ''">
				and e.warn_level = #{param.warnLevel}
			</if>
			<if test="param.warnClassCode != null and param.warnClassCode != ''">
				and e.warn_class_code = #{param.warnClassCode}
			</if>
			<if test="param.warnStage != null and param.warnStage != ''">
				and i.warn_stage = #{param.warnStage}
			</if>
			<if test="param.warnProperty != null and param.warnProperty != ''">
				and i.warn_property = #{param.warnProperty}
			</if>
		</where>
			order by i.warn_source asc,i.warn_index_no asc
		 <![CDATA[) t where rownum <= #{index} * #{size}) where rn >= ((#{index}-1)* #{size} + 1 )]]>
	</select>

	<update id="updateEwsIndexDef" parameterType="com.sfpay.ews.platform.domain.EwsIndexDef">
		update ews_warn_index_def
		<set>
			<if test="warnIndexName != null and warnIndexName != ''">WARN_INDEX_NAME = #{warnIndexName,jdbcType=VARCHAR},</if>
			<if test="warnSource != null and warnSource != ''">WARN_SOURCE = #{warnSource,jdbcType=VARCHAR},</if>
			<if test="effectCode != null and effectCode != ''">EFFECT_CODE = #{effectCode,jdbcType=VARCHAR},</if>
			<if test="warnStage != null and warnStage != ''">warn_stage = #{warnStage,jdbcType=VARCHAR},</if>
			<if test="warnProperty != null and warnProperty != ''">WARN_PROPERTY = #{warnProperty,jdbcType=VARCHAR},</if>
			<if test="isValid != null and isValid != ''">IS_VALID = #{isValid,jdbcType=VARCHAR},</if>
			<if test="mailTitleTemplate != null">MAIL_TITLE_TEMPLATE = #{mailTitleTemplate,jdbcType=VARCHAR},</if>
			<if test="mailContextTemplate != null">MAIL_CONTEXT_TEMPLATE = #{mailContextTemplate,jdbcType=VARCHAR},</if>
			<if test="ruleTemplate != null">RULE_TEMPLATE = #{ruleTemplate,jdbcType=VARCHAR},</if>
			<if test="cronExpress != null and cronExpress != ''">CRON_EXPRESS = #{cronExpress,jdbcType=VARCHAR},</if>
			<if test="status != null and status != ''">STATUS = #{status,jdbcType=VARCHAR},</if>
			<if test="remark != null">REMARK = #{remark,jdbcType=VARCHAR},</if>
			<if test="updateId != null and updateId != ''">UPDATE_ID = #{updateId,jdbcType=VARCHAR},</if>
			<if test="updateTime != null">UPDATE_TIME = #{updateTime,jdbcType=TIMESTAMP},</if>
			opr_flag = #{oprFlag,jdbcType=VARCHAR}
		</set>
		where WARN_INDEX_NO = #{warnIndexNo}
	</update>
	
	<update id="updateIndexSchStatus">
		update ews_warn_index_def
		set status = #{status}
		where warn_index_no = #{warnIndexNo}
	</update>
	
	<update id="updateIndexSchRunStatus">
		update ews_warn_index_def
		set run_status = #{runStatus}
		where warn_index_no = #{warnIndexNo}
	</update>

	<select id="queryByWarnIndexNo" resultMap="ewsIndexDefMapper">
		select 	i.*, e.effect_name, e.warn_class_code, e.warn_level
		from
			ews_warn_index_def i 
		left join ews_effect e
		on i.effect_code = e.effect_code
	    where i.warn_index_no = #{warnIndexNo,jdbcType=VARCHAR}
	</select>

	<select id="queryByWarnSource" resultMap="ewsIndexDefMapper">
		select i.*, e.effect_name from ews_warn_index_def i , ews_effect e
		where
			i.effect_code = e.effect_code
			and i.warn_source = #{warnSource,jdbcType=VARCHAR} 
	</select>

	<select id="queryAllIndexDef" resultMap="ewsIndexDefMapper">
		select i.*, e.effect_name from
			ews_warn_index_def i, ews_effect e
		where
			i.effect_code = e.effect_code 
	</select>
	
	<update id="updateAllIndexSchRunStatusToStop">
		update ews_warn_index_def set run_status = 'STOP'
	</update>

</mapper>