<?xml version="1.0" encoding="UTF-8" ?>
<!DOCTYPE mapper PUBLIC "-//mybatis.org//DTD Mapper 3.0//EN" "http://mybatis.org/dtd/mybatis-3-mapper.dtd" >
<mapper namespace="com.sfpay.ews.dao.IEwsIndexSqlDao">

<resultMap id="EwsIndexSqlMap" type="com.sfpay.ews.platform.domain.EwsIndexSql">
		<id column="ID" jdbcType="NUMERIC" property="id" />
		<result column="WARN_INDEX_SQL" jdbcType="VARCHAR" property="warnIndexSql" />
		<result column="WARN_INDEX_NO" jdbcType="VARCHAR" property="warnIndexNo" />
		<result column="SQL_KEY" jdbcType="VARCHAR" property="sqlKey" />
		<result column="MAIL_OUTPUT" jdbcType="VARCHAR" property="mailOutput" />
		<result column="RULE_OUTPUT" jdbcType="VARCHAR" property="ruleOutput" />
		<result column="TABLE_NAME" jdbcType="VARCHAR" property="tableName" />
		<result column="REMARK" jdbcType="VARCHAR" property="remark" />
		<result column="CREATE_ID" jdbcType="VARCHAR" property="createId" />
		<result column="CREATE_TIME" jdbcType="TIMESTAMP" property="createTime" />
		<result column="UPDATE_ID" jdbcType="VARCHAR" property="updateId" />
		<result column="UPDATE_TIME" jdbcType="TIMESTAMP" property="updateTime" />
	</resultMap>

	<insert id="addEwsIndexSql" parameterType="com.sfpay.ews.platform.domain.EwsIndexSql">
		insert into EWS_INDEX_SQL
			(ID, WARN_INDEX_SQL, WARN_INDEX_NO, SQL_KEY, MAIL_OUTPUT, RULE_OUTPUT, TABLE_NAME, REMARK, CREATE_ID, CREATE_TIME, UPDATE_ID, 
			UPDATE_TIME)
		values(
			<selectKey keyProperty="id" resultType="long" order="BEFORE">
				select SEQ_EWS_INDEX_SQL.Nextval as id from DUAL
			</selectKey>
			#{id,jdbcType=NUMERIC}, #{warnIndexSql,jdbcType=VARCHAR}, #{warnIndexNo,jdbcType=VARCHAR}, 
			#{sqlKey,jdbcType=VARCHAR}, #{mailOutput,jdbcType=VARCHAR}, #{ruleOutput,jdbcType=VARCHAR},
			#{tableName,jdbcType=VARCHAR},#{remark,jdbcType=VARCHAR},
			#{createId,jdbcType=VARCHAR}, 
			#{createTime,jdbcType=TIMESTAMP}, #{updateId,jdbcType=VARCHAR}, #{updateTime,jdbcType=TIMESTAMP}
		)
	</insert>

	<update id="updateEwsIndexSql">
		update EWS_INDEX_SQL
		<set>
			<if test="warnIndexSql != null and warnIndexSql != ''">WARN_INDEX_SQL = #{warnIndexSql,jdbcType=VARCHAR},</if>
			<if test="warnIndexNo != null and warnIndexNo != ''">WARN_INDEX_NO = #{warnIndexNo,jdbcType=VARCHAR},</if>
			<if test="sqlKey != null and sqlKey != ''">SQL_KEY = #{sqlKey,jdbcType=VARCHAR},</if>
			<if test="mailOutput != null and mailOutput != ''">MAIL_OUTPUT = #{mailOutput,jdbcType=VARCHAR},</if>
			<if test="ruleOutput != null and ruleOutput != ''">RULE_OUTPUT = #{ruleOutput,jdbcType=VARCHAR},</if>
			<if test="tableName != null and tableName != ''">TABLE_NAME = #{tableName,jdbcType=VARCHAR},</if>
			<if test="remark != null and remark != ''">REMARK = #{remark,jdbcType=VARCHAR},</if>
			<if test="createId != null and createId != ''">CREATE_ID = #{createId,jdbcType=VARCHAR},</if>
			<if test="createTime != null">CREATE_TIME = #{createTime,jdbcType=TIMESTAMP},</if>
			<if test="updateId != null and updateId != ''">UPDATE_ID = #{updateId,jdbcType=VARCHAR},</if>
			<if test="updateTime != null">UPDATE_TIME = #{updateTime,jdbcType=TIMESTAMP},</if>
		</set>
		where ID = #{id}
	</update>

	<delete id="deleteEwsIndexSql">
		delete from EWS_INDEX_SQL where ID = #{id}
	</delete>
	
	<select id="queryByPage" resultMap="EwsIndexSqlMap" parameterType="com.sfpay.ews.platform.domain.EwsIndexSql">
		select	ID, WARN_INDEX_SQL, WARN_INDEX_NO, SQL_KEY, MAIL_OUTPUT, RULE_OUTPUT, TABLE_NAME, REMARK, 
			CREATE_ID, CREATE_TIME, UPDATE_ID, UPDATE_TIME
		from
			(	select ID, WARN_INDEX_SQL, WARN_INDEX_NO, SQL_KEY, MAIL_OUTPUT, RULE_OUTPUT, TABLE_NAME, 
					REMARK, CREATE_ID, CREATE_TIME, UPDATE_ID, UPDATE_TIME, rownum r
				from
					(	select ID, WARN_INDEX_SQL, 
							WARN_INDEX_NO, SQL_KEY, MAIL_OUTPUT, RULE_OUTPUT, TABLE_NAME, REMARK, 
							CREATE_ID, CREATE_TIME, UPDATE_ID, UPDATE_TIME
						from EWS_INDEX_SQL
						<where>
							<if test="indexSql.warnIndexNo != null and indexSql.warnIndexNo != ''">and WARN_INDEX_NO like '%${indexSql.warnIndexNo}%'</if>
							<if test="indexSql.sqlKey != null and indexSql.sqlKey != ''">and SQL_KEY like '%${indexSql.sqlKey}%'</if>
							<if test="indexSql.mailOutput != null and indexSql.mailOutput != ''">and MAIL_OUTPUT = #{indexSql.mailOutput}</if>
							<if test="indexSql.ruleOutput != null and indexSql.ruleOutput != ''">and RULE_OUTPUT = #{indexSql.ruleOutput}</if>
							<if test="indexSql.tableName != null and indexSql.tableName != ''">and TABLE_NAME like '%${indexSql.tableName}%'</if>
							<if test="indexSql.remark != null and indexSql.remark != ''">and REMARK = #{indexSql.remark}</if>
						</where>
						order by WARN_INDEX_NO desc
					) t1
				where rownum &lt;= #{end}
			)
		where r &gt;= #{start}
	</select>
	
	<select id="queryEwsIndexSqlCount" resultType="int" parameterType="com.sfpay.ews.platform.domain.EwsIndexSql">
		select count(1) from EWS_INDEX_SQL
		<where>
			<if test="indexSql.warnIndexNo != null and indexSql.warnIndexNo != ''">and WARN_INDEX_NO like '%${indexSql.warnIndexNo}%'</if>
			<if test="indexSql.sqlKey != null and indexSql.sqlKey != ''">and SQL_KEY like '%${indexSql.sqlKey}%'</if>
			<if test="indexSql.mailOutput != null and indexSql.mailOutput != ''">and MAIL_OUTPUT = #{indexSql.mailOutput}</if>
			<if test="indexSql.ruleOutput != null and indexSql.ruleOutput != ''">and RULE_OUTPUT = #{indexSql.ruleOutput}</if>
			<if test="indexSql.tableName != null and indexSql.tableName != ''">and TABLE_NAME like '%${indexSql.tableName}%'</if>
			<if test="indexSql.remark != null and indexSql.remark != ''">and REMARK = #{indexSql.remark}</if>
		</where>
	</select>

	<select id="queryEwsIndexSqlByWarnNo" resultMap="EwsIndexSqlMap" parameterType="java.lang.String">
		select ID, WARN_INDEX_SQL, WARN_INDEX_NO, SQL_KEY, MAIL_OUTPUT, RULE_OUTPUT, TABLE_NAME, REMARK, CREATE_ID, CREATE_TIME, UPDATE_ID, 
			UPDATE_TIME
		from EWS_INDEX_SQL
		where 
			WARN_INDEX_NO = #{warnIndexNo}
	</select>
	
	<select id="queryByWarnIndexNoAndSqlKey" resultMap="EwsIndexSqlMap" parameterType="java.lang.String">
		select ID, WARN_INDEX_SQL, WARN_INDEX_NO, SQL_KEY, MAIL_OUTPUT, RULE_OUTPUT, TABLE_NAME, REMARK, CREATE_ID, CREATE_TIME, UPDATE_ID, 
			UPDATE_TIME
		from EWS_INDEX_SQL
		where 
			WARN_INDEX_NO = #{warnIndexNo}
			and SQL_KEY = #{sqlKey,jdbcType=VARCHAR}
	</select>
	
	<select id="queryAllTableName" resultType="java.lang.String">
		select distinct(TABLE_NAME)	from EWS_INDEX_SQL where TABLE_NAME is not null
	</select>

	<select id="queryById" resultMap="EwsIndexSqlMap">
		select ID, WARN_INDEX_SQL, WARN_INDEX_NO, SQL_KEY, MAIL_OUTPUT, RULE_OUTPUT, TABLE_NAME, REMARK, CREATE_ID, CREATE_TIME, UPDATE_ID, 
			UPDATE_TIME	from EWS_INDEX_SQL where ID = #{id,jdbcType=NUMERIC}
	</select>

</mapper>