<?xml version="1.0" encoding="UTF-8" ?>
<!DOCTYPE mapper PUBLIC "-//mybatis.org//DTD Mapper 3.0//EN" "http://mybatis.org/dtd/mybatis-3-mapper.dtd" >
<mapper namespace="com.sfpay.ews.dao.IEwsIndexParamDao">

    <resultMap id="indexParamMapper" type="com.sfpay.ews.platform.domain.EwsIndexParam">
        <result column="ID" property="id" />   
        <result column="PARAM_NAME" jdbcType="VARCHAR" property="paramName" />
        <result column="PARAM_VAL" jdbcType="VARCHAR" property="paramVal" />
        <result column="PARAM_UNIT" jdbcType="VARCHAR" property="paramUnit" />
        <result column="WARN_INDEX_NO" jdbcType="VARCHAR" property="warnIndexNo" />
        <result column="REMARK" jdbcType="VARCHAR" property="remark" />
        <result column="CREATE_ID" jdbcType="VARCHAR" property="createId" />
        <result column="CREATE_TIME" jdbcType="TIMESTAMP" property="createTime" />
        <result column="UPDATE_ID" jdbcType="VARCHAR" property="updateId" />
        <result column="UPDATE_TIME" jdbcType="TIMESTAMP" property="updateTime" />
    </resultMap>
    
    
	<insert id="saveEwsIndexParam" parameterType="com.sfpay.ews.platform.domain.EwsIndexParam">		
		<selectKey keyProperty="id" resultType="java.lang.Long" order="BEFORE">  
            select seq_ews_index_param.nextval from dual
   		</selectKey>
	   	insert into EWS_WARN_INDEX_PARAM
	     (id,
	      param_name,
	      param_val,
	      param_unit,
	      warn_index_no,
	      remark,
	      create_id,
	      create_time
	      )
	   values
	     (
	     	#{id,jdbcType=NUMERIC},
	        #{paramName,jdbcType=VARCHAR},
	        #{paramVal,jdbcType=VARCHAR},
	        #{paramUnit,jdbcType=VARCHAR},
	        #{warnIndexNo,jdbcType=VARCHAR},
	        #{remark,jdbcType=VARCHAR},
	        #{createId,jdbcType=VARCHAR},
	        #{createTime,jdbcType=TIMESTAMP}
	       
	     )
	</insert>
	
	
	<update id="updateEwsIndexParam" parameterType="com.sfpay.ews.platform.domain.EwsIndexParam">
		update EWS_WARN_INDEX_PARAM
        set PARAM_NAME = #{paramName,jdbcType=VARCHAR},
            param_val =  #{paramVal,jdbcType=VARCHAR},
            param_unit = #{paramUnit,jdbcType=VARCHAR},
            remark = #{remark,jdbcType=VARCHAR},
            update_id = #{updateId,jdbcType=VARCHAR},
            update_time = sysdate
      	where id = #{id,jdbcType=NUMERIC}
	</update>
	
	
	<select id="selectEwsIndexParamCount" resultType="int">
		select count(0) 
		from EWS_WARN_INDEX_PARAM p
		<include refid="indexParamConditions"/>
	</select>
	
	<select id="selectEwsIndexParamByPage" resultMap="indexParamMapper">
		select * from (select t.*,rownum rn from (
			select *
			  from EWS_WARN_INDEX_PARAM p
			 <include refid="indexParamConditions"/> order by p.warn_index_no asc,p.PARAM_NAME asc
		 <![CDATA[) t where rownum <= #{index}*#{size}) where rn >= ((#{index}-1)*#{size}+1)]]>
	</select>
    
    <sql id="indexParamConditions">
    	<where>
			<if test="param.warnIndexNo != null and param.warnIndexNo != ''">
				and p.warn_index_no like '%${param.warnIndexNo}%'
			</if>
			<if test="param.paramName != null and param.paramName != ''">
				and p.PARAM_NAME like '%${param.paramName}%'
			</if>
		</where>
    </sql>
    
    <select id="selectEwsIndexParamById" parameterType="long" resultMap="indexParamMapper">
    	select * from EWS_WARN_INDEX_PARAM p where p.id = #{id,jdbcType=NUMERIC}
    </select>
    
    <select id="deleteEwsIndexParamById" parameterType="long">
    	delete from EWS_WARN_INDEX_PARAM p where p.id = #{id,jdbcType=NUMERIC}
    </select>
    
    <select id="selectEwsIndexParamByParamNameAndIndexNo" resultMap="indexParamMapper">
    	select * 
    	from EWS_WARN_INDEX_PARAM p 
    	where p.PARAM_NAME = #{paramName,jdbcType=VARCHAR} 
    		  and p.warn_index_no =  #{warnIndexNo,jdbcType=VARCHAR}
    </select>
    
    <select id="queryEwsIndexParamsByWarnIndexNo" resultMap="indexParamMapper">
    	select *
    	from EWS_WARN_INDEX_PARAM p 
    	where 
    		p.warn_index_no =  #{warnIndexNo,jdbcType=VARCHAR}
    </select>
    
    <select id="queryByIndexNoAndParamName" resultMap="indexParamMapper">
    	select *
    	from EWS_WARN_INDEX_PARAM p 
    	where 
    		p.warn_index_no =  #{warnIndexNo,jdbcType=VARCHAR}
    		and 
    		p.param_name = #{paramName,jdbcType=VARCHAR}
    
    </select>
    

</mapper>