<?xml version="1.0" encoding="UTF-8"?>
<!DOCTYPE mapper PUBLIC "-//mybatis.org//DTD Mapper 3.0//EN" "http://mybatis.org/dtd/mybatis-3-mapper.dtd">

<mapper namespace="com.sfpay.ews.dao.IEwsIndexGroupDao">
	<resultMap id="EwsIndexGroupMap" type="com.sfpay.ews.platform.domain.EwsIndexGroup">
		<id column="ID" jdbcType="NUMERIC" property="id" />
		<result column="WARN_INDEX_GROUP_NO" jdbcType="VARCHAR" property="warnIndexGroupNo" />
		<result column="WARN_INDEX_GROUP_NAME" jdbcType="VARCHAR" property="warnIndexGroupName" />
		<result column="WARN_INDEX_GROUP_SOURCE" jdbcType="VARCHAR" property="warnIndexGroupSource" />
		<result column="MAIL_TITLE_TEMPLATE" jdbcType="VARCHAR" property="mailTitleTemplate" />
		<result column="MAIL_CONTEXT_TEMPLATE" jdbcType="VARCHAR" property="mailContextTemplate" />
		<result column="CRON_EXPRESS" jdbcType="VARCHAR" property="cronExpress" />
		<result column="STATUS" jdbcType="VARCHAR" property="status" />
		<result column="CREATE_ID" jdbcType="VARCHAR" property="createId" />
		<result column="CREATE_TIME" jdbcType="TIMESTAMP" property="createTime" />
		<result column="UPDATE_ID" jdbcType="VARCHAR" property="updateId" />
		<result column="UPDATE_TIME" jdbcType="TIMESTAMP" property="updateTime" />
	</resultMap>
	
	<select id="queryAllEwsIndexGroup" resultMap="EwsIndexGroupMap">
		select ID, WARN_INDEX_GROUP_NO, WARN_INDEX_GROUP_NAME, WARN_INDEX_GROUP_SOURCE, MAIL_TITLE_TEMPLATE, MAIL_CONTEXT_TEMPLATE, 
			CRON_EXPRESS, STATUS, CREATE_ID, CREATE_TIME, UPDATE_ID, UPDATE_TIME
		from EWS_INDEX_GROUP
	</select>
	
	<select id="queryEwsIndexGroupByGroupNo" resultMap="EwsIndexGroupMap">
		select ID, WARN_INDEX_GROUP_NO, WARN_INDEX_GROUP_NAME, WARN_INDEX_GROUP_SOURCE, MAIL_TITLE_TEMPLATE, MAIL_CONTEXT_TEMPLATE, 
			CRON_EXPRESS, STATUS, CREATE_ID, CREATE_TIME, UPDATE_ID, UPDATE_TIME
		from EWS_INDEX_GROUP
		where WARN_INDEX_GROUP_NO = #{warnIndexGroupNo}
	</select>

</mapper>