<?xml version="1.0" encoding="UTF-8"?>
<!DOCTYPE mapper PUBLIC "-//mybatis.org//DTD Mapper 3.0//EN" "http://mybatis.org/dtd/mybatis-3-mapper.dtd">

<mapper namespace="com.sfpay.ews.dao.IEwsInfoRecordDao">
	<resultMap id="ewsInfoRecordMap" type="com.sfpay.ews.platform.domain.EwsInfoRecord">
		<result column="ID" jdbcType="VARCHAR" property="id" />
		<result column="WARN_INDEX_NO" jdbcType="VARCHAR" property="warnIndexNo" />
		<result column="WARN_CLASS_CODE" jdbcType="VARCHAR" property="warnClassCode" />
		<result column="WARN_CLASS_NAME" jdbcType="VARCHAR" property="warnClassName" />
		<result column="WARN_STAGE" jdbcType="VARCHAR" property="warnStage" />
		<result column="WARN_STAGE_NAME" jdbcType="VARCHAR" property="warnStageName" />
		<result column="WARN_SOURCE" jdbcType="VARCHAR" property="warnSource" />
		<result column="WARN_SOURCE_NAME" jdbcType="VARCHAR" property="warnSourceName" />
		<result column="WARN_LEVEL" jdbcType="VARCHAR" property="warnLevel" />
		<result column="WARN_LEVEL_NAME" jdbcType="VARCHAR" property="warnLevelName" />
		<result column="INFO_CONTEXT" jdbcType="VARCHAR" property="infoContext" />
		<result column="REMARK" jdbcType="VARCHAR" property="remark" />
		<result column="MONITOR_DATE" jdbcType="DATE" property="monitorDate" />
		<result column="WARN_DATE" jdbcType="TIMESTAMP" property="warnDate" />
		<result column="EFFECT_TIME" jdbcType="NUMERIC" property="effectTime" />
		<result column="OVER_EFFECT_TIME" jdbcType="NUMERIC" property="overEffectTime" />
		<result column="OPR_STATUS" jdbcType="VARCHAR" property="oprStatus" />
		<result column="OPR_RESULT" jdbcType="VARCHAR" property="oprResult" />
		<result column="CREATE_ID" jdbcType="VARCHAR" property="createId" />
		<result column="CREATE_TIME" jdbcType="TIMESTAMP" property="createTime" />
		<result column="UPDATE_ID" jdbcType="VARCHAR" property="updateId" />
		<result column="UPDATE_TIME" jdbcType="TIMESTAMP" property="updateTime" />
		<result column="OPS_TIMES" jdbcType="VARCHAR" property="oprTimes" />
	</resultMap>

	<select id="getEwsInfoRecordSeqValue" resultType="java.lang.Long" >
		select seq_ews_info_record.nextval from DUAL
	</select>

	<!-- 插入数据 -->
	<insert id="addEwsInfoRecord" parameterType="com.sfpay.ews.platform.domain.EwsInfoRecord">
 		insert into EWS_INFO_RECORD
			(ID,CREATE_TIME,CREATE_ID,OPR_STATUS,OVER_EFFECT_TIME,EFFECT_TIME,
			WARN_DATE,MONITOR_DATE,INFO_CONTEXT,WARN_LEVEL_NAME,WARN_LEVEL,WARN_SOURCE_NAME,
			WARN_SOURCE,WARN_STAGE_NAME,WARN_STAGE,WARN_CLASS_NAME,WARN_CLASS_CODE,WARN_INDEX_NO,REMARK)
		values(
			#{id,jdbcType=VARCHAR},sysdate,#{createId,jdbcType=VARCHAR},
			#{oprStatus,jdbcType=VARCHAR},#{overEffectTime,jdbcType=NUMERIC},#{effectTime,jdbcType=NUMERIC},
			#{warnDate,jdbcType=TIMESTAMP},#{monitorDate,jdbcType=DATE},#{infoContext,jdbcType=VARCHAR},
			#{warnLevelName,jdbcType=VARCHAR},#{warnLevel,jdbcType=VARCHAR},#{warnSourceName,jdbcType=VARCHAR},
			#{warnSource,jdbcType=VARCHAR},#{warnStageName,jdbcType=VARCHAR},#{warnStage,jdbcType=VARCHAR},
			#{warnClassName,jdbcType=VARCHAR},#{warnClassCode,jdbcType=VARCHAR},#{warnIndexNo,jdbcType=VARCHAR},#{remark,jdbcType=VARCHAR}
		) 
	</insert>
	
	

	<!-- 更新数据 -->
		<update id="updateEwsInfoRecord">
		update EWS_INFO_RECORD
		<set>
			<if test="warnIndexNo != null and warnIndexNo != ''">WARN_INDEX_NO = #{warnIndexNo,jdbcType=VARCHAR},</if>
			<if test="warnClassCode != null and warnClassCode != ''">WARN_CLASS_CODE = #{warnClassCode,jdbcType=VARCHAR},</if>
			<if test="warnClassName != null and warnClassName != ''">WARN_CLASS_NAME = #{warnClassName,jdbcType=VARCHAR},</if>
			<if test="warnStage != null and warnStage != ''">WARN_STAGE = #{warnStage,jdbcType=VARCHAR},</if>
			<if test="warnStageName != null and warnStageName != ''">WARN_STAGE_NAME = #{warnStageName,jdbcType=VARCHAR},</if>
			<if test="warnSource != null and warnSource != ''">WARN_SOURCE = #{warnSource,jdbcType=VARCHAR},</if>
			<if test="warnSourceName != null and warnSourceName != ''">WARN_SOURCE_NAME = #{warnSourceName,jdbcType=VARCHAR},</if>
			<if test="warnLevel != null and warnLevel != ''">WARN_LEVEL = #{warnLevel,jdbcType=VARCHAR},</if>
			<if test="warnLevelName != null and warnLevelName != ''">WARN_LEVEL_NAME = #{warnLevelName,jdbcType=VARCHAR},</if>
			<if test="infoContext != null and infoContext != ''">INFO_CONTEXT = #{infoContext,jdbcType=VARCHAR},</if>
			<if test="monitorDate != null">MONITOR_DATE = #{monitorDate,jdbcType=DATE},</if>
			<if test="warnDate != null">WARN_DATE = #{warnDate,jdbcType=DATE},</if>
			<if test="effectTime != null">EFFECT_TIME = #{effectTime,jdbcType=NUMERIC},</if>
			<if test="overEffectTime != null">OVER_EFFECT_TIME = #{overEffectTime,jdbcType=NUMERIC},</if>
			<if test="oprStatus != null and oprStatus != ''">OPR_STATUS = #{oprStatus,jdbcType=VARCHAR},</if>
			<if test="updateId != null and updateId != ''">UPDATE_ID = #{updateId,jdbcType=VARCHAR},</if>
			<if test="updateTime != null">UPDATE_TIME = #{updateTime,jdbcType=DATE},</if>
			<if test="remark != null and remark != ''">REMARK = #{remark,jdbcType=VARCHAR},</if>
		</set>
		where ID = #{id}
	</update>

	<!-- 删除数据 -->
	<delete id="delEwsInfoRecord">
		delete from EWS_INFO_RECORD where ID = #{id}
	</delete>

	<!-- 通过主键字段查询数据 -->
	<select id="queryById" resultMap="ewsInfoRecordMap" parameterType="com.sfpay.ews.platform.domain.EwsInfoRecord">
		SELECT T.ID, T.WARN_INDEX_NO, T.WARN_CLASS_CODE, T.WARN_STAGE, T.WARN_STAGE_NAME, T.WARN_SOURCE, T.INFO_CONTEXT,
							T.MONITOR_DATE, T.WARN_DATE, T.OPR_STATUS, T.CREATE_ID, T.CREATE_TIME, T.UPDATE_ID, 
							T.UPDATE_TIME, T.WARN_LEVEL,T.WARN_LEVEL_NAME, T.WARN_CLASS_NAME, T.EFFECT_TIME, T.OVER_EFFECT_TIME, T.WARN_SOURCE_NAME,
							T.REMARK,NVL(S.OPS_TIMES,0) OPS_TIMES,S.OPR_RESULT
							FROM EWS_INFO_RECORD T
							LEFT JOIN 
   							(SELECT COUNT(*) OPS_TIMES,WM_CONCAT(OPER_DESC) OPR_RESULT,WARN_INFO_RECORD_ID FROM EWS_OPR_RECORD 
   							GROUP BY WARN_INFO_RECORD_ID) S
   							ON T.ID=S.WARN_INFO_RECORD_ID
   							WHERE T.ID=#{id}
	</select>

	<!-- 查询所有数据 -->
	<select id="queryAll" resultMap="ewsInfoRecordMap" parameterType="com.sfpay.ews.platform.domain.EwsInfoRecord">
		select	ID, WARN_INDEX_NO, WARN_CLASS_CODE, WARN_STAGE,WARN_STAGE_NAME, WARN_SOURCE, INFO_CONTEXT,
							MONITOR_DATE, WARN_DATE, OPR_STATUS, CREATE_ID, CREATE_TIME, UPDATE_ID, 
							UPDATE_TIME, WARN_LEVEL,WARN_LEVEL_NAME, WARN_CLASS_NAME, EFFECT_TIME, OVER_EFFECT_TIME, 
							WARN_SOURCE_NAME,REMARK
		from EWS_INFO_RECORD
	</select>

	<!-- 通过参数查询 -->
	<select id="queryEwsInfoRecordByParam" resultMap="ewsInfoRecordMap" parameterType="com.sfpay.ews.platform.domain.EwsInfoRecord">
		select	ID, WARN_INDEX_NO, WARN_CLASS_CODE, WARN_STAGE,WARN_STAGE_NAME, WARN_SOURCE, INFO_CONTEXT,
							MONITOR_DATE, WARN_DATE, OPR_STATUS, CREATE_ID, CREATE_TIME, UPDATE_ID, 
							UPDATE_TIME, WARN_LEVEL,WARN_LEVEL_NAME, WARN_CLASS_NAME, EFFECT_TIME, OVER_EFFECT_TIME, 
							WARN_SOURCE_NAME,REMARK
		from EWS_INFO_RECORD
		<where>
			<if test="id != null and id != ''">and id like CONCAT('%',CONCAT('${id}','%' ))</if>
			<if test="warnIndexNo != null and warnIndexNo != ''">and WARN_INDEX_NO like CONCAT('%',CONCAT('${warnIndexNo}','%' ))</if>
			<if test="warnClassCode != null and warnClassCode != ''">and WARN_CLASS_CODE = #{warnClassCode}</if>
			<if test="warnStage != null and warnStage != ''">and WARN_STAGE = #{warnStage}</if>
			<if test="warnSource != null and warnSource != ''">and WARN_SOURCE = #{warnSource}</if>
			<if test="infoContext != null and infoContext != ''">and INFO_CONTEXT = #{infoContext}</if>			
			<if test="monitorDate != null">and MONITOR_DATE = #{monitorDate}</if>
			<if test="warnStartDate != null">and WARN_DATE &gt;= #{warnStartDate}</if>
			<if test="warnEndDate != null">and WARN_DATE &lt;= #{warnEndDate}</if>
			<if test="oprStatus != null and oprStatus != ''">and OPR_STATUS = #{oprStatus}</if>
		</where>
	</select>
	
	<!-- 通过参数查询 -->
	<select id="queryEwsInfoRecordCountByParam" resultType="java.lang.Long" parameterType="com.sfpay.ews.platform.domain.EwsInfoRecord">
		select	count(*)
		from EWS_INFO_RECORD
		<where>
		    <if test="id != null and id != ''">and id like CONCAT('%',CONCAT('${id}','%' ))</if>
			<if test="warnIndexNo != null and warnIndexNo != ''">and WARN_INDEX_NO like CONCAT('%',CONCAT('${warnIndexNo}','%' ))</if>
			<if test="warnClassCode != null and warnClassCode != ''">and WARN_CLASS_CODE = #{warnClassCode}</if>
			<if test="warnStage != null and warnStage != ''">and WARN_STAGE = #{warnStage}</if>
			<if test="warnSource != null and warnSource != ''">and WARN_SOURCE = #{warnSource}</if>
			<if test="infoContext != null and infoContext != ''">and INFO_CONTEXT = #{infoContext}</if>			
			<if test="monitorDate != null">and MONITOR_DATE = #{monitorDate}</if>
			<if test="warnStartDate != null">and WARN_DATE &gt;= #{warnStartDate}</if>
			<if test="warnEndDate != null">and WARN_DATE &lt;= #{warnEndDate}</if>
			<if test="warnLevel != null and warnLevel != ''">and WARN_LEVEL = #{warnLevel}</if>
			<if test="oprStatus != null and oprStatus != ''">and OPR_STATUS = #{oprStatus}</if>
		</where>
	</select>
	
	<select id="queryEwsHandleInfoByOrderPage" resultMap="ewsInfoRecordMap" parameterType="java.util.Map">
		SELECT ID, WARN_INDEX_NO, WARN_CLASS_CODE, WARN_STAGE,WARN_STAGE_NAME, WARN_SOURCE, INFO_CONTEXT,
							MONITOR_DATE, WARN_DATE, OPR_STATUS, CREATE_ID, CREATE_TIME, UPDATE_ID, 
							UPDATE_TIME, WARN_LEVEL,WARN_LEVEL_NAME, WARN_CLASS_NAME, EFFECT_TIME, OVER_EFFECT_TIME, 
							WARN_SOURCE_NAME,REMARK,OPS_TIMES,OPR_RESULT
		FROM (
				SELECT  t1.ID, t1.WARN_INDEX_NO, t1.WARN_CLASS_CODE, t1.WARN_STAGE, t1.WARN_STAGE_NAME,t1.WARN_SOURCE, t1.INFO_CONTEXT,
							t1.MONITOR_DATE, t1.WARN_DATE,  t1.OPR_STATUS, t1.CREATE_ID, t1.CREATE_TIME, t1.UPDATE_ID, 
							t1.UPDATE_TIME, t1.WARN_LEVEL,t1.WARN_LEVEL_NAME, t1.WARN_CLASS_NAME, t1.EFFECT_TIME, t1.OVER_EFFECT_TIME, 
							t1.WARN_SOURCE_NAME,REMARK,OPS_TIMES,OPR_RESULT, rownum r
					FROM (
							SELECT T.ID, T.WARN_INDEX_NO, T.WARN_CLASS_CODE, T.WARN_STAGE, T.WARN_STAGE_NAME, T.WARN_SOURCE, T.INFO_CONTEXT,
							T.MONITOR_DATE, T.WARN_DATE, T.OPR_STATUS, T.CREATE_ID, T.CREATE_TIME, T.UPDATE_ID, 
							T.UPDATE_TIME, T.WARN_LEVEL,T.WARN_LEVEL_NAME, T.WARN_CLASS_NAME, T.EFFECT_TIME, T.OVER_EFFECT_TIME, T.WARN_SOURCE_NAME,
							T.REMARK,NVL(S.OPS_TIMES,0) OPS_TIMES,S.OPR_RESULT
							FROM EWS_INFO_RECORD T
							LEFT JOIN 
   							(SELECT COUNT(*) OPS_TIMES,WM_CONCAT(OPER_DESC) OPR_RESULT,WARN_INFO_RECORD_ID FROM EWS_OPR_RECORD 
   							GROUP BY WARN_INFO_RECORD_ID) S
   							ON T.ID=S.WARN_INFO_RECORD_ID
 							<where>
 							    <if test="ewsInfoRecord.id != null and ewsInfoRecord.id != ''">and T.id like CONCAT('%',CONCAT('${ewsInfoRecord.id}','%' ))</if>
								<if test="ewsInfoRecord.warnIndexNo != null and ewsInfoRecord.warnIndexNo != ''">and T.WARN_INDEX_NO like CONCAT('%',CONCAT('${ewsInfoRecord.warnIndexNo}','%' ))</if>
								<if test="ewsInfoRecord.warnSource != null and ewsInfoRecord.warnSource != ''">and T.WARN_SOURCE = #{ewsInfoRecord.warnSource}</if>
								<if test="ewsInfoRecord.oprStatus != null and ewsInfoRecord.oprStatus != ''">and T.OPR_STATUS = #{ewsInfoRecord.oprStatus}</if>
								<if test="ewsInfoRecord.warnClassCode != null and ewsInfoRecord.warnClassCode != ''">and T.WARN_CLASS_CODE = #{ewsInfoRecord.warnClassCode}</if>
								<if test="ewsInfoRecord.warnLevel != null and ewsInfoRecord.warnLevel != ''">and T.WARN_LEVEL = #{ewsInfoRecord.warnLevel}</if>
								<if test="ewsInfoRecord.warnStartDate != null">and T.WARN_DATE &gt;= #{ewsInfoRecord.warnStartDate,jdbcType=DATE}</if>
								<if test="ewsInfoRecord.warnEndDate != null">and T.WARN_DATE &lt;= #{ewsInfoRecord.warnEndDate,jdbcType=DATE}+1</if>
							</where>	 					
							ORDER BY T.CREATE_TIME desc
						) t1
					WHERE rownum &lt;= #{end}
			)
		WHERE r &gt;= #{start}

	</select>

</mapper>