<?xml version="1.0" encoding="UTF-8"?>
<!DOCTYPE mapper PUBLIC "-//mybatis.org//DTD Mapper 3.0//EN" "http://mybatis.org/dtd/mybatis-3-mapper.dtd">

<mapper namespace="com.sfpay.ews.dao.IEwsOprRecordDao">
	<resultMap id="ewsOprRecordMap" type="com.sfpay.ews.platform.domain.EwsOprRecord">
		<id column="ID" jdbcType="NUMERIC" property="id" />
		<result column="WARN_INFO_RECORD_ID" jdbcType="NUMERIC" property="warnInfoRecordId" />
		<result column="OPER_DATE" jdbcType="TIMESTAMP" property="operDate" />
		<result column="OPER_ID" jdbcType="VARCHAR" property="operId" />
		<result column="OPER_DESC" jdbcType="VARCHAR" property="operDesc" />
		<result column="CREATE_ID" jdbcType="VARCHAR" property="createId" />
		<result column="CREATE_TIME" jdbcType="TIMESTAMP" property="createTime" />
		<result column="UPDATE_ID" jdbcType="VARCHAR" property="updateId" />
		<result column="UPDATE_TIME" jdbcType="TIMESTAMP" property="updateTime" />
	</resultMap>

	<!-- 插入数据 -->
	<insert id="addEwsOprRecord" parameterType="com.sfpay.ews.platform.domain.EwsOprRecord">
		insert into EWS_OPR_RECORD
			(ID, WARN_INFO_RECORD_ID, OPER_DATE, OPER_ID, OPER_DESC, CREATE_ID, CREATE_TIME)
		values(
			<selectKey keyProperty="id" resultType="long" order="BEFORE">
				select SEQ_EWS_OPR_RECORD.Nextval as id from DUAL
			</selectKey>
			#{id,jdbcType=NUMERIC}, #{warnInfoRecordId,jdbcType=NUMERIC}, sysdate, #{operId,jdbcType=VARCHAR}, 
			#{operDesc,jdbcType=VARCHAR}, #{createId,jdbcType=VARCHAR}, sysdate
		)
	</insert>

	<!-- 更新数据 -->
	<update id="updateEwsOprRecord">
		update EWS_OPR_RECORD
		<set>
			<if test="warnInfoRecordId != null">WARN_INFO_RECORD_ID = #{warnInfoRecordId,jdbcType=NUMERIC},</if>
			<if test="operId != null and operId != ''">OPER_ID = #{operId,jdbcType=VARCHAR},</if>
			<if test="operDesc != null and operDesc != ''">OPER_DESC = #{operDesc,jdbcType=VARCHAR},</if>
			<if test="updateId != null and updateId != ''">UPDATE_ID = #{updateId,jdbcType=VARCHAR},</if>
			UPDATE_TIME = sysdate,
			OPER_DATE=sysdate
		</set>
		where ID = #{id}
	</update>

	<!-- 删除数据 -->
	<delete id="delEwsOprRecord">
		delete from EWS_OPR_RECORD where ID = #{id}
	</delete>

	<!-- 通过主键字段查询数据 -->
	<select id="queryById" resultMap="ewsOprRecordMap" >
		select	ID, WARN_INFO_RECORD_ID, OPER_DATE, OPER_ID, OPER_DESC, CREATE_ID, CREATE_TIME, UPDATE_ID, 
			UPDATE_TIME
		from EWS_OPR_RECORD
		where
			ID = #{id}
	</select>

	<!-- 通过指标记录ID查询 -->
	<select id="queryEwsOprRecordByWarnInfoRecordId" resultMap="ewsOprRecordMap">
		select	ID, WARN_INFO_RECORD_ID, OPER_DATE, OPER_ID, OPER_DESC, CREATE_ID, CREATE_TIME, UPDATE_ID, 
			UPDATE_TIME
		from EWS_OPR_RECORD
		<where>
			<if test="warnInfoRecordId != null">WARN_INFO_RECORD_ID = #{warnInfoRecordId}</if>
		</where>
		order by ID desc
	</select>

</mapper>
