<?xml version="1.0" encoding="UTF-8"?>
<!DOCTYPE mapper PUBLIC "-//mybatis.org//DTD Mapper 3.0//EN" "http://mybatis.org/dtd/mybatis-3-mapper.dtd">

<mapper namespace="com.sfpay.ews.dao.IEwsParamDao">
	<resultMap id="ewsParamMap" type="com.sfpay.ews.platform.domain.EwsParam">
		<result column="ID" jdbcType="NUMERIC" property="id" />
		<result column="PARAM_CODE" jdbcType="VARCHAR" property="paramCode" />
		<result column="PARAM_NAME" jdbcType="VARCHAR" property="paramName" />
		<result column="PARAM_TYPE_CODE" jdbcType="VARCHAR" property="paramTypeCode" />
		<result column="PARAM_TYPE_NAME" jdbcType="VARCHAR" property="paramTypeName" />
		<result column="REMARK" jdbcType="VARCHAR" property="remark" />
		<result column="CREATE_ID" jdbcType="VARCHAR" property="createId" />
		<result column="CREATE_TIME" jdbcType="TIMESTAMP" property="createTime" />
		<result column="UPDATE_ID" jdbcType="VARCHAR" property="updateId" />
		<result column="UPDATE_TIME" jdbcType="TIMESTAMP" property="updateTime" />
	</resultMap>

	<!-- 插入数据 -->
	<insert id="addEwsParam" parameterType="com.sfpay.ews.platform.domain.EwsParam">
		insert into EWS_PARAM
			(ID, PARAM_CODE, PARAM_NAME, PARAM_TYPE_CODE, PARAM_TYPE_NAME, REMARK, CREATE_ID, CREATE_TIME, 
			UPDATE_ID, UPDATE_TIME)
		values(
			<selectKey keyProperty="id" resultType="long" order="BEFORE">
				select SEQ_EWS_PARAM.Nextval as id from DUAL
			</selectKey>
			#{id,jdbcType=NUMERIC}, #{paramCode,jdbcType=VARCHAR}, #{paramName,jdbcType=VARCHAR}, #{paramTypeCode,jdbcType=VARCHAR}, 
			#{paramTypeName,jdbcType=VARCHAR}, #{remark,jdbcType=VARCHAR}, #{createId,jdbcType=VARCHAR}, 
			#{createTime,jdbcType=TIMESTAMP}, #{updateId,jdbcType=VARCHAR}, #{updateTime,jdbcType=TIMESTAMP}
		)
	</insert>

	<!-- 更新数据 -->
	<update id="updateEwsParam">
		update EWS_PARAM
		<set>
			<if test="id != null">ID = #{id,jdbcType=NUMERIC},</if>
			<if test="paramCode != null and paramCode != ''">PARAM_CODE = #{paramCode,jdbcType=VARCHAR},</if>
			<if test="paramName != null and paramName != ''">PARAM_NAME = #{paramName,jdbcType=VARCHAR},</if>
			<if test="paramTypeCode != null and paramTypeCode != ''">PARAM_TYPE_CODE = #{paramTypeCode,jdbcType=VARCHAR},</if>
			<if test="paramTypeName != null and paramTypeName != ''">PARAM_TYPE_NAME = #{paramTypeName,jdbcType=VARCHAR},</if>
			<if test="remark != null and remark != ''">REMARK = #{remark,jdbcType=VARCHAR},</if>
			<if test="createId != null and createId != ''">CREATE_ID = #{createId,jdbcType=VARCHAR},</if>
			<if test="createTime != null">CREATE_TIME = #{createTime,jdbcType=TIMESTAMP},</if>
			<if test="updateId != null and updateId != ''">UPDATE_ID = #{updateId,jdbcType=VARCHAR},</if>
			<if test="updateTime != null">UPDATE_TIME = #{updateTime,jdbcType=TIMESTAMP},</if>
		</set>
		
	</update>

	<!-- 删除数据 -->
	<delete id="delEwsParam">
		delete from EWS_PARAM w where ID=#{id}
	</delete>

	<!-- 通过主键字段查询数据 -->
	<select id="queryById" resultMap="ewsParamMap" parameterType="com.sfpay.ews.platform.domain.EwsParam">
		select	ID, PARAM_CODE, PARAM_NAME, PARAM_TYPE_CODE, PARAM_TYPE_NAME, REMARK, CREATE_ID, CREATE_TIME, 
			UPDATE_ID, UPDATE_TIME
		from EWS_PARAM
		where ID=#{id}
	</select>

	<!-- 查询所有数据 -->
	<select id="queryAll" resultMap="ewsParamMap" parameterType="com.sfpay.ews.platform.domain.EwsParam">
		select	ID, PARAM_CODE, PARAM_NAME, PARAM_TYPE_CODE, PARAM_TYPE_NAME, REMARK, CREATE_ID, CREATE_TIME, 
			UPDATE_ID, UPDATE_TIME
		from EWS_PARAM
	</select>

	<!-- 通过参数查询 -->
	<select id="queryEwsParamByParam" resultMap="ewsParamMap" parameterType="com.sfpay.ews.platform.domain.EwsParam">
		select	ID, PARAM_CODE, PARAM_NAME, PARAM_TYPE_CODE, PARAM_TYPE_NAME, REMARK, CREATE_ID, CREATE_TIME, 
			UPDATE_ID, UPDATE_TIME
		from EWS_PARAM
		<where>
			<if test="paramCode != null and paramCode != ''">and PARAM_CODE = #{paramCode}</if>
			<if test="paramName != null and paramName != ''">and PARAM_NAME = #{paramName}</if>
			<if test="paramTypeCode != null and paramTypeCode != ''">and PARAM_TYPE_CODE = #{paramTypeCode}</if>
			<if test="paramTypeName != null and paramTypeName != ''">and PARAM_TYPE_NAME = #{paramTypeName}</if>
			<if test="remark != null and remark != ''">and REMARK = #{remark}</if>
			<if test="createId != null and createId != ''">and CREATE_ID = #{createId}</if>
			<if test="createTime != null">and CREATE_TIME = #{createTime}</if>
			<if test="updateId != null and updateId != ''">and UPDATE_ID = #{updateId}</if>
			<if test="updateTime != null">and UPDATE_TIME = #{updateTime}</if>
		</where>
	</select>
	
	<!-- 通过参数查询 -->
	<select id="queryEwsParamByParamCodeAndTypeCode" resultMap="ewsParamMap">
		select	ID, PARAM_CODE, PARAM_NAME, PARAM_TYPE_CODE, PARAM_TYPE_NAME, REMARK, CREATE_ID, CREATE_TIME, 
			UPDATE_ID, UPDATE_TIME
		from EWS_PARAM
		<where>
			<if test="paramCode != null and paramCode != ''">and PARAM_CODE = #{paramCode}</if>
			<if test="paramTypeCode != null and paramTypeCode != ''">and PARAM_TYPE_CODE = #{paramTypeCode}</if>
		</where>
	</select>

	<!-- 不排序直接分页 -->
	<select id="queryEwsParamByPage" resultMap="ewsParamMap" parameterType="com.sfpay.ews.platform.domain.EwsParam">
		select	ID, PARAM_CODE, PARAM_NAME, PARAM_TYPE_CODE, PARAM_TYPE_NAME, REMARK, CREATE_ID, CREATE_TIME, 
			UPDATE_ID, UPDATE_TIME
		from
			(	select ID, PARAM_CODE, PARAM_NAME, PARAM_TYPE_CODE, PARAM_TYPE_NAME, REMARK, CREATE_ID, 
					CREATE_TIME, UPDATE_ID, UPDATE_TIME, rownum r
				from EWS_PARAM
				where rownum &lt;= #{end}
			)
		where r &gt;= #{start}
	</select>

	<!-- 排序+分页 -->
	<select id="queryEwsParamByOrderPage" resultMap="ewsParamMap" parameterType="com.sfpay.ews.platform.domain.EwsParam">
		select	ID, PARAM_CODE, PARAM_NAME, PARAM_TYPE_CODE, PARAM_TYPE_NAME, REMARK, CREATE_ID, CREATE_TIME, 
			UPDATE_ID, UPDATE_TIME
		from
			(	select ID, PARAM_CODE, PARAM_NAME, PARAM_TYPE_CODE, PARAM_TYPE_NAME, REMARK, CREATE_ID, 
					CREATE_TIME, UPDATE_ID, UPDATE_TIME, rownum r
				from
					(	select ID, PARAM_CODE, PARAM_NAME, PARAM_TYPE_CODE, 
							PARAM_TYPE_NAME, REMARK, CREATE_ID, CREATE_TIME, UPDATE_ID, UPDATE_TIME
						from EWS_PARAM
						order by UPDATE_TIME <!-- 排序字段，需修改 -->
					) t1
				where rownum &lt;= #{end}
			)
		where r &gt;= #{start}
	</select>

</mapper>
