<?xml version="1.0" encoding="UTF-8"?>
<!DOCTYPE mapper PUBLIC "-//mybatis.org//DTD Mapper 3.0//EN" "http://mybatis.org/dtd/mybatis-3-mapper.dtd">

<mapper namespace="com.sfpay.ews.dao.IEwsRuleDao">
	<resultMap id="ewsRuleMap" type="com.sfpay.ews.platform.domain.EwsRule">
		<id column="ID" jdbcType="NUMERIC" property="id" />
		<result column="WARN_INDEX_NO" jdbcType="VARCHAR" property="warnIndexNo" />
		<result column="PARAM_NAME" jdbcType="VARCHAR" property="paramName" />
		<result column="PARAM_EXPRESS" jdbcType="VARCHAR" property="paramExpress" />
		<result column="IS_RESULT" jdbcType="VARCHAR" property="isResult" />
		<result column="FORMAT_STR" jdbcType="VARCHAR" property="formatStr" />
		<result column="REMARK" jdbcType="VARCHAR" property="remark" />
		<result column="CREATE_ID" jdbcType="VARCHAR" property="createId" />
		<result column="CREATE_TIME" jdbcType="TIMESTAMP" property="createTime" />
		<result column="UPDATE_ID" jdbcType="VARCHAR" property="updateId" />
		<result column="UPDATE_TIME" jdbcType="TIMESTAMP" property="updateTime" />
	</resultMap>

	<!-- 插入数据 -->
	<insert id="addEwsRule" parameterType="com.sfpay.ews.platform.domain.EwsRule">
		insert into EWS_RULE
			(ID, WARN_INDEX_NO, PARAM_NAME, PARAM_EXPRESS, IS_RESULT, FORMAT_STR, REMARK, CREATE_ID, CREATE_TIME, 
			UPDATE_ID, UPDATE_TIME)
		values(
			<selectKey keyProperty="id" resultType="long" order="BEFORE">
				select SEQ_EWS_RULE.Nextval as id from DUAL
			</selectKey>
			#{id,jdbcType=NUMERIC}, #{warnIndexNo,jdbcType=VARCHAR}, #{paramName,jdbcType=VARCHAR}, #{paramExpress,jdbcType=VARCHAR}, 
			#{isResult,jdbcType=VARCHAR}, #{formatStr,jdbcType=VARCHAR}, #{remark,jdbcType=VARCHAR}, #{createId,jdbcType=VARCHAR}, 
			sysdate, #{updateId,jdbcType=VARCHAR}, sysdate
		)
	</insert>

	<!-- 更新数据 -->
	<update id="updateEwsRule">
		update EWS_RULE
		<set>
			<if test="warnIndexNo != null and warnIndexNo != ''">WARN_INDEX_NO = #{warnIndexNo,jdbcType=VARCHAR},</if>
			<if test="paramName != null and paramName != ''">PARAM_NAME = #{paramName,jdbcType=VARCHAR},</if>
			<if test="paramExpress != null and paramExpress != ''">PARAM_EXPRESS = #{paramExpress,jdbcType=VARCHAR},</if>
			<if test="isResult != null and isResult != ''">IS_RESULT = #{isResult,jdbcType=VARCHAR},</if>
			<if test="formatStr != null and formatStr != ''">FORMAT_STR = #{formatStr,jdbcType=VARCHAR},</if>
			<if test="remark != null and remark != ''">REMARK = #{remark,jdbcType=VARCHAR},</if>
			<if test="createId != null and createId != ''">CREATE_ID = #{createId,jdbcType=VARCHAR},</if>
			<if test="createTime != null">CREATE_TIME = #{createTime,jdbcType=TIMESTAMP},</if>
			<if test="updateId != null and updateId != ''">UPDATE_ID = #{updateId,jdbcType=VARCHAR},</if>
			<if test="updateTime != null">UPDATE_TIME = #{updateTime,jdbcType=TIMESTAMP},</if>
		</set>
		where ID = #{id}
	</update>

	<!-- 删除数据 -->
	<delete id="deleteEwsRule">
		delete from EWS_RULE where ID = #{id}
	</delete>

	<!-- 通过主键字段查询数据 -->
	<select id="queryById" resultMap="ewsRuleMap" parameterType="com.sfpay.ews.platform.domain.EwsRule">
		select	ID, WARN_INDEX_NO, PARAM_NAME, PARAM_EXPRESS, IS_RESULT, FORMAT_STR, REMARK, CREATE_ID, CREATE_TIME, 
			UPDATE_ID, UPDATE_TIME
		from EWS_RULE
		where
			id = #{id}
	</select>

	<!-- 查询所有数据 -->
	<select id="queryAll" resultMap="ewsRuleMap" parameterType="com.sfpay.ews.platform.domain.EwsRule">
		select	ID, WARN_INDEX_NO, PARAM_NAME, PARAM_EXPRESS, IS_RESULT, FORMAT_STR, REMARK, CREATE_ID, CREATE_TIME, 
			UPDATE_ID, UPDATE_TIME
		from EWS_RULE
	</select>

	<!-- 通过参数查询 -->
	<select id="queryEwsRuleByParam" resultMap="ewsRuleMap" parameterType="com.sfpay.ews.platform.domain.EwsRule">
		select	ID, WARN_INDEX_NO, PARAM_NAME, PARAM_EXPRESS, IS_RESULT, FORMAT_STR, REMARK, CREATE_ID, CREATE_TIME, 
			UPDATE_ID, UPDATE_TIME
		from EWS_RULE
		<where>
			<if test="warnIndexNo != null and warnIndexNo != ''">and WARN_INDEX_NO = #{warnIndexNo}</if>
			<if test="paramName != null and paramName != ''">and PARAM_NAME = #{paramName}</if>
			<if test="paramExpress != null and paramExpress != ''">and PARAM_EXPRESS = #{paramExpress}</if>
			<if test="isResult != null and isResult != ''">and IS_RESULT = #{isResult}</if>
			<if test="formatStr != null and formatStr != ''">and FORMAT_STR = #{formatStr}</if>
			<if test="remark != null and remark != ''">and REMARK = #{remark}</if>
			<if test="createId != null and createId != ''">and CREATE_ID = #{createId}</if>
			<if test="createTime != null">and CREATE_TIME = #{createTime}</if>
			<if test="updateId != null and updateId != ''">and UPDATE_ID = #{updateId}</if>
			<if test="updateTime != null">and UPDATE_TIME = #{updateTime}</if>
		</where>
	</select>

	<!-- 排序+分页 -->
	<select id="queryByPage" resultMap="ewsRuleMap" parameterType="com.sfpay.ews.platform.domain.EwsRule">
		select	ID, WARN_INDEX_NO, PARAM_NAME, PARAM_EXPRESS, IS_RESULT, FORMAT_STR, REMARK, CREATE_ID, CREATE_TIME, 
			UPDATE_ID, UPDATE_TIME
		from
			(	select ID, WARN_INDEX_NO, PARAM_NAME, PARAM_EXPRESS, IS_RESULT, FORMAT_STR, REMARK, CREATE_ID, 
					CREATE_TIME, UPDATE_ID, UPDATE_TIME, rownum r
				from
					(	select ID, WARN_INDEX_NO, PARAM_NAME, PARAM_EXPRESS, 
							IS_RESULT, FORMAT_STR, REMARK, CREATE_ID, CREATE_TIME, UPDATE_ID, UPDATE_TIME
						from EWS_RULE
						<where>
							<if test="ewsRule.warnIndexNo != null and ewsRule.warnIndexNo != ''">and WARN_INDEX_NO like '%${ewsRule.warnIndexNo}%'</if>
							<if test="ewsRule.paramName != null and ewsRule.paramName != ''">and PARAM_NAME like '%${ewsRule.paramName}%'</if>
						</where>
						order by WARN_INDEX_NO desc, PARAM_NAME
					) t1
				where rownum &lt;= #{end}
			)
		where r &gt;= #{start}
	</select>
	
	<select id="queryEwsRuleCount" resultType="int" parameterType="com.sfpay.ews.platform.domain.EwsRule">
		select count(1) from ews_rule
		<where>
			<if test="ewsRule.warnIndexNo != null and ewsRule.warnIndexNo != ''">and WARN_INDEX_NO like '%${ewsRule.warnIndexNo}%'</if>
			<if test="ewsRule.paramName != null and ewsRule.paramName != ''">and PARAM_NAME like '%${ewsRule.paramName}%'</if>
		</where>
	</select>
	
	<select id="queryByEwsIndexNo" resultMap="ewsRuleMap" parameterType="java.lang.String">
		select	ID, WARN_INDEX_NO, PARAM_NAME, PARAM_EXPRESS, IS_RESULT, FORMAT_STR, REMARK, CREATE_ID, CREATE_TIME, 
			UPDATE_ID, UPDATE_TIME
		from EWS_RULE 
		where 
			WARN_INDEX_NO = #{warnIndexNo}
	</select>
	
	<select id="queryResultEwsRule" resultMap="ewsRuleMap" parameterType="java.lang.String">
		select	ID, WARN_INDEX_NO, PARAM_NAME, PARAM_EXPRESS, IS_RESULT, FORMAT_STR, REMARK, CREATE_ID, CREATE_TIME, 
			UPDATE_ID, UPDATE_TIME
		from EWS_RULE 
		where 
			WARN_INDEX_NO = #{warnIndexNo}
			and IS_RESULT = 'Y'
	</select>
	
	<select id="queryByIndexNoAndParamName" resultMap="ewsRuleMap">
		select	ID, WARN_INDEX_NO, PARAM_NAME, PARAM_EXPRESS, IS_RESULT, FORMAT_STR, REMARK, CREATE_ID, CREATE_TIME, 
			UPDATE_ID, UPDATE_TIME
		from EWS_RULE 
		where 
			WARN_INDEX_NO = #{warnIndexNo}
			and
			PARAM_NAME = #{paramName}
	</select>

</mapper>