<?xml version="1.0" encoding="UTF-8"?>
<dometas>
<!-- 人员数据私密 -->
<empsec name="emp" table="HCM_OUT_EMP" >
	<field name="EMP_ID" column="EMP_ID" type="long" id="Y"></field>
	<field name="EMP_NUM" column="EMP_NUM" type="string" encrypt="Y"></field>
	<field name="LAST_NAME" column="LAST_NAME" type="string" encrypt="Y"></field>
	<field name="FIRST_NAME" column="FIRST_NAME" type="string" encrypt="Y"></field>
	<field name="SEX" column="SEX" type="string" ></field>
	<field name="CURR_ORG_ID" column="CURR_ORG_ID" type="long"></field>
	<field name="NET_CODE" column="NET_CODE" type="string"></field>
	<field name="CURR_ORG_NAME" column="CURR_ORG_NAME" type="string"></field>
	<field name="ORG_CODE" column="ORG_CODE" type="string"></field>
	<field name="CURR_AREA" column="CURR_AREA" type="string"></field>
	<field name="POSITION_ID" column="POSITION_ID" type="long"></field>
	<field name="POSITION_NAME" column="POSITION_NAME" type="string"></field>
	<field name="JOB_ID" column="JOB_ID" type="long"></field>
	<field name="JOB_NAME" column="JOB_NAME" type="string"></field>
	<field name="POSTAL_CODE" column="POSTAL_CODE" type="string"></field>
	<field name="ADDRESS" column="ADDRESS" type="string"></field>
	<field name="MAIL_ADDRESS" column="MAIL_ADDRESS" type="string"></field>
	<field name="MOBILE_PHONE" column="MOBILE_PHONE" type="string"></field>
	<field name="OFFICE_PHONE" column="OFFICE_PHONE" type="string"></field>
	<field name="JOB_DATE_FROM" column="JOB_DATE_FROM" type="date"></field>
	<field name="SF_DATE" column="SF_DATE" type="date"></field>
	<field name="CANCEL_DATE" column="CANCEL_DATE" type="date"></field>
	<field name="CANCEL_FLAG" column="CANCEL_FLAG" type="string"></field>
	<field name="DATE_FROM" column="DATE_FROM" type="date"></field>
	<field name="LAST_ZNO" column="LAST_ZNO" type="string"></field>
	<field name="LAST_ORG_NAME" column="LAST_ORG_NAME" type="string"></field>
	<field name="PERSON_TYPE" column="PERSON_TYPE" type="string"></field>
	<field name="EMP_CATEGORY" column="EMP_CATEGORY" type="string"></field>
	<field name="OFFICE_ADDR" column="OFFICE_ADDR" type="string"></field>
	<field name="EDU_LEVEL" column="EDU_LEVEL" type="string"></field>
	<field name="EFFECTIVE_DATE" column="EFFECTIVE_DATE" type="date"></field>
	<field name="POSITION_TYPE" column="POSITION_TYPE" type="string"></field>
	<field name="POSITION_GROUP" column="POSITION_GROUP" type="string"></field>
	<field name="POSITION_ATTR" column="POSITION_ATTR" type="string"></field>
	<field name="SPECIALITY" column="SPECIALITY" type="string"></field>
	<field name="SUPERVISOR_NUMBER" column="SUPERVISOR_NUMBER" type="string"></field>
	<field name="SUPERVISOR_NAME" column="SUPERVISOR_NAME" type="string"></field>
	<field name="EMP_CATE_CODE" column="EMP_CATE_CODE" type="string"></field>
	<field name="ASS_CATEGORY" column="ASS_CATEGORY" type="string"></field>
	<field name="ASS_REASON" column="ASS_REASON" type="string"></field>
	<field name="LEAVING_REASON" column="LEAVING_REASON" type="string"></field>
	<field name="VACATION_START_DATE" column="VACATION_START_DATE" type="date"></field>
	<field name="DATE_OF_BIRTH" column="DATE_OF_BIRTH" type="date"></field>
	<field name="NATIONAL_IDENTIFIER" column="NATIONAL_IDENTIFIER" type="string" encrypt="Y"></field>
	<field name="CN_RACE" column="CN_RACE" type="string"></field>
	<field name="HUKOU_LOCAL" column="HUKOU_LOCAL" type="string"></field>
	<field name="BLOOD_TYPE" column="BLOOD_TYPE" type="string"></field>
	<field name="MARITAL_STATUS" column="MARITAL_STATUS" type="string"></field>
	<field name="PROBATION_END_DATE" column="PROBATION_END_DATE" type="date"></field>
	<field name="NATIO" column="NATIO" type="string"></field>
	<field name="BANK" column="BANK" type="string" encrypt="Y"></field>
	<field name="BANKA" column="BANKA" type="string" encrypt="Y"></field>
	<field name="BANKN" column="BANKN" type="string" encrypt="Y"></field>
	<field name="HUKOT" column="HUKOT" type="string"></field>
	<field name="BUKRS" column="BUKRS" type="string"></field>
	<field name="WERKS" column="WERKS" type="string"></field>
	<field name="BTRTL" column="BTRTL" type="string"></field>
	<field name="PERSG" column="PERSG" type="string"></field>
	<field name="PERSG_TXT" column="PERSG_TXT" type="string"></field>
	<field name="PERSK" column="PERSK" type="string"></field>
	<field name="PERSK_TXT" column="PERSK_TXT" type="string"></field>
	<field name="OLD_LAST_NAME" column="OLD_LAST_NAME" type="string"></field>
	<field name="RECRUIT_CHANNEL" column="RECRUIT_CHANNEL" type="string"></field>
	<field name="CHANNEL_NAME" column="CHANNEL_NAME" type="string"></field>
	<field name="ZHRZGZT" column="ZHRZGZT" type="string"></field>
	<field name="ZHRZGZT_TXT" column="ZHRZGZT_TXT" type="string"></field>
	<field name="STATURE" column="STATURE" type="string"></field>
	<field name="WEIGHT" column="WEIGHT" type="string"></field>
	<field name="ZHRSSQY" column="ZHRSSQY" type="string"></field>
	<field name="ZHRSSQY_TXT" column="ZHRSSQY_TXT" type="string"></field>
	<field name="PCN_PCODE" column="PCN_PCODE" type="string" ></field>
	<field name="PCN_PCODE_TXT" column="PCN_PCODE_TXT" type="string" ></field>
	<field name="FKBER" column="FKBER" type="string" ></field>
	<field name="FKBER_TXT" column="FKBER_TXT" type="string" ></field>
	<field name="KOSTL" column="KOSTL" type="string" ></field>
	<field name="KOSTL_TXT" column="KOSTL_TXT" type="string" ></field>
	<field name="ABKRS" column="ABKRS" type="string" ></field>
	<field name="ABKRS_TXT" column="ABKRS_TXT" type="string" ></field>
	<field name="SYNC" column="SYNC" type="string" default="N"></field>
</empsec>
<!-- 组织数据_行政架构 -->
<org name="org" table="HCM_OUT_ORG" posttype="ALL">
    <field name="ORG_ID" type="long" column="ORG_ID" id="Y" encrypt="N" ></field>
    <field name="ORG_ID_PARENT" type="long" column="ORG_ID_PARENT"></field>
    <field name="ORG_NAME" type="string" column="ORG_NAME"></field>
    <field name="INTERNAL_ADDRESS" type="string" column="INTERNAL_ADDRESS"></field>
    <field name="ORG_LEVEL" type="string" column="ORG_LEVEL" validate="N"></field>
    <field name="ORG_TYPE" type="string" column="ORG_TYPE"></field>
    <field name="ORG_CODE" type="string" column="ORG_CODE"></field>
    <field name="DATE_FROM" type="date" column="DATE_FROM"></field>
    <field name="DATE_TO" type="date" column="DATE_TO"></field>
    <field name="MANAGER" type="string" column="MANAGER"></field>
    <field name="MANAGER_NAME" type="string" column="MANAGER_NAME"></field>
    <field name="ZHRZN" type="string" column="ZHRZN"></field>
    <field name="ZHRZZCJ" type="string" column="ZHRZZCJ"></field>
    <field name="ZHRZZGN" type="string" column="ZHRZZGN"></field>
    <field name="KOSTL" column="KOSTL" type="string" ></field>
    <field name="KOSTL_TXT" column="KOSTL_TXT" type="string" ></field>
	<field name="ZHRXZZZ" column="ZHRXZZZ" type="string" ></field>
	<field name="LOC_ID" column="LOC_ID" type="string" ></field>
	<field name="NET_CODE" column="NET_CODE" type="string" ></field>
</org>
<!-- 职务数据 -->
<job name="job" table="HCM_OUT_JOB" posttype="ALL">
    <field name="JOB_ID" type="long" column="JOB_ID" id="Y" ></field>
    <field name="JOB_NAME" type="string" column="JOB_NAME"></field>
    <field name="MANAGE_LEVEL" type="string" column="MANAGE_LEVEL"></field>
    <field name="DATE_FROM" type="date" column="DATE_FROM"></field>
    <field name="DATE_TO" type="date" column="DATE_TO"></field>
</job>
<!-- 岗位数据 -->
<pos name="pos" table="HCM_OUT_POS" >
    <field name="POSITION_ID" type="long" column="POSITION_ID" id="Y" encrypt="N" validate="Y" sequences=""></field>
    <field name="POSITION_NAME" type="string" column="POSITION_NAME"></field>
    <field name="ORG_ID" type="long" column="ORG_ID"></field>
    <field name="DATE_FROM" type="date" column="DATE_FROM"></field>
    <field name="DATE_TO" type="date" column="DATE_TO"></field>
    <field name="JOB_ID" type="long" column="JOB_ID"></field>
    <field name="JOB_NAME" type="string" column="JOB_NAME"></field>
    <field name="POSITION_TYPE" type="string" column="POSITION_TYPE" ></field>
    <field name="POSITION_ATTR" type="string" column="POSITION_ATTR"></field>
    <field name="POSITION_SEQ" type="string" column="POSITION_SEQ"></field>
    <field name="POSITION_GROUP" type="string" column="POSITION_GROUP"></field>
    <field name="POSITION_FUNC" type="string" column="POSITION_FUNC"></field>
    <field name="MANAGE_LEVEL" type="string" column="MANAGE_LEVEL"></field>
    <field name="ZHRZQ" type="string" column="ZHRZQ"></field>
    <field name="ZHRGWXL" type="string" column="ZHRGWXL"></field>
    <field name="ZHRG" type="string" column="ZHRG"></field>
</pos>

<!-- 公司代码主数据 -->
<corp name="item" table="SAPFI_CORP">
	<field name="BUKRS" type="string" column="BUKRS"  id="Y"></field>
	<field name="WAERS" type="string" column="WAERS"  ></field>
	<field name="BUTXT" type="string" column="BUTXT" ></field>
	<field name="LAND1" type="string" column="LAND1" ></field>
	<field name="FIKRS" type="string" column="FIKRS" ></field>
	<field name="KTOPL" type="string" column="KTOPL" ></field>
	<field name="REMARK" type="string" column="REMARK" ></field>
	<field name="DELFG" type="string" column="DELFG" ></field>
	<field name="ZZCUSTOM1" type="string" column="ZZCUSTOM1" ></field>
	<field name="ZZCUSTOM2" type="string" column="ZZCUSTOM2" ></field>
	<field name="ZZCUSTOM3" type="string" column="ZZCUSTOM3" ></field>
</corp>

<!-- 成本中心主数据 -->
<cost name="item" table="SAPFI_COST_CENTER" >
	<field name="KOKRS" type="string" column="KOKRS" id="Y"></field>
	<field name="KOSTL" type="string" column="KOSTL" id="Y" ></field>
	<field name="DATAB" type="date" column="DATAB" ></field>
	<field name="DATBI" type="date" column="DATBI" id="Y"></field>
	<field name="PRCTR" type="string" column="PRCTR" ></field>
	<field name="BKZKP" type="string" column="BKZKP" ></field>
	<field name="TEXTS" subdometafield="Y" >
		<tl name="item" table="SAPFI_COST_CENTER_TL" >
			<subfield name="SPRAS" type="string" column="SPRAS" id="Y"></subfield>
			<subfield name="KTEXT" type="string" column="KTEXT" ></subfield>
			<subfield name="LTEXT" type="string" column="LTEXT" ></subfield>
		</tl>
	</field>
	<field name="DELFG" type="string" column="DELFG" ></field>
	<field name="ZUF01" type="string" column="ZUF01" ></field>
	<field name="ZUF02" type="string" column="ZUF02" ></field>
	<field name="ZUF03" type="string" column="ZUF03" ></field>
</cost>
<!-- 利润中心主数据 -->
<profit name="item" table="SAPFI_NETWORK" >
	<field name="KOKRS" type="string" column="KOKRS" id="Y"></field>
	<field name="PRCTR" type="string" column="PRCTR" id="Y" ></field>
	<field name="DATAB" type="date" column="DATAB" ></field>
	<field name="DATBI" type="date" column="DATBI" id="Y"></field>
	<field name="LOCK_IND" type="string" column="LOCK_IND" ></field>
	<field name="ZZHPRCTR" type="string" column="ZZHPRCTR" ></field>
	<field name="ZWDLXBM" type="string" column="ZWDLXBM" ></field>
	<field name="TEXTS" subdometafield="Y" >
		<tl name="item" table="SAPFI_NETWORK_TL">
			<subfield name="SPRAS" type="string" column="SPRAS" id="Y"></subfield>
			<subfield name="KTEXT" type="string" column="KTEXT"></subfield>
			<subfield name="LTEXT" type="string" column="LTEXT"></subfield>
			<subfield name="ZWDLXMC" type="string" column="ZWDLXMC"></subfield>
			<subfield name="NAME1" type="string" column="NAME1"></subfield>
			<subfield name="ORT01" type="string" column="ORT01"></subfield>
		</tl>
	</field>
	<field name="DELFG" type="string" column="DELFG" ></field>
	<field name="ZUF01" type="string" column="ZUF01" ></field>
	<field name="ZUF02" type="string" column="ZUF02" ></field>
	<field name="ZUF03" type="string" column="ZUF03" ></field>
</profit>

<!-- SAP基金主数据 -->
<fund name="item" table="SAPFI_FUND">
	<field name="FIKRS" type="string" column="FIKRS"  id="Y"></field>
	<field name="FINCODE" type="string" column="FINCODE"  id="Y"></field>
	<field name="DATAB" type="date" column="DATAB"></field>
	<field name="DATBIS" type="date" column="DATBIS"></field>
	<field name="TYPE" type="string" column="TYPE" ></field>
	<field name="FLG_DELETE" type="string" column="FLG_DELETE" ></field>
	<field name="ZZFICTR" type="string" column="ZZFICTR" ></field>
	<field name="ZZPERNR" type="string" column="ZZPERNR" ></field>
	<field name="ZZGCFL" type="string" column="ZZGCFL" ></field>
	<field name="FUND_TYPET" type="string" column="FUND_TYPET" ></field>
	<field name="TEXTS" subdometafield="Y" >
		<tl name="item" table="SAPFI_FUND_TL" >
			<subfield name="SPRAS" type="string" column="SPRAS" id="Y"></subfield>
			<subfield name="BEZEICH" type="string" column="BEZEICH" ></subfield>
		</tl>
	</field>
	<field name="ZZPERSON_EXT" type="string" column="ZZPERSON_EXT" ></field>
</fund>
<!-- SAP内部订单主数据 -->
<project name="item" table="SAPFI_PROJECT">
	<field name="AUFNR" type="string" column="AUFNR"  id="Y"></field>
	<field name="AUART" type="string" column="AUART"  ></field>
	<field name="KTEXT" type="string" column="KTEXT" ></field>
	<field name="TXT04" type="string" column="TXT04" ></field>
	<field name="TXT30" type="string" column="TXT30" ></field>
	<field name="ZZFINCODE" type="string" column="ZZFINCODE" ></field>
	<field name="KOKRS" type="string" column="KOKRS" ></field>
	<field name="PRCTR" type="string" column="PRCTR" ></field>
	<field name="BUKRS" type="string" column="BUKRS" ></field>
	<field name="LOEKZ" type="string" column="LOEKZ" ></field>
	<field name="ZUF01" type="string" column="ZUF01" ></field>
	<field name="ZUF02" type="string" column="ZUF02" ></field>
	<field name="ZUF03" type="string" column="ZUF03" ></field>
	<field name="ZZPERNR" type="string" column="ZZPERNR" ></field>
	<field name="ZZPERSON_EXT" type="string" column="ZZPERSON_EXT" ></field>
</project>

<!-- 利润中心和成本中心的对应关系 -->
<profit_comp name="item" table="SAPFI_NET_CORP" >
	<field name="KOKRS" type="string" column="KOKRS" id="Y" ></field>
	<field name="PRCTR" type="string" column="PRCTR" id="Y" ></field>
	<field name="BUTYP" type="string" column="BUTYP" id="Y" ></field>
	<field name="BUTYP_TXT" type="string" column="BUTYP_TXT" ></field>
	<field name="DATAB" type="date" column="DATAB"></field>
	<field name="DATBI" type="date" column="DATBI" id="Y"></field>
	<field name="LTEXT" type="string" column="LTEXT" ></field>
	<field name="BUKRS" type="string" column="BUKRS" ></field>
	<field name="BUTXT" type="string" column="BUTXT" ></field>
	<field name="REMARK" type="string" column="REMARK" ></field>
	<field name="DELFG" type="string" column="DELFG" ></field>
	<field name="ZUF01" type="string" column="ZUF01" ></field>
	<field name="ZUF02" type="string" column="ZUF02" ></field>
	<field name="ZUF03" type="string" column="ZUF03" ></field>
</profit_comp>

<epiemp name="epiemp" table="TSE_EPIEMP_SYNC" >
		<field name="EPIEMP_ID" column="EPIEMP_ID" type="long" id="Y"/>
		<field name="SUPPLIER_ID" column="SUPPLIER_ID" type="string"/>
		<field name="SUPPLIER_NAME" column="SUPPLIER_NAME" type="string"/>
		<field name="CONTRACT_ID" column="CONTRACT_ID" type="long"/>
		
		<field name="EMP_CONTRACT_ID" column="EMP_CONTRACT_ID" type="long"/>
		<field name="EPIEMP_CODE" column="EPIEMP_CODE" type="string"/>
		
		<field name="EPIEMP_NAME" column="EPIEMP_NAME" type="string"/>
		<field name="SEX" column="SEX" type="long"/>
		<field name="BIRTHDAY" column="BIRTHDAY" type="date"/>
		<field name="HIGH_DEGREE" column="HIGH_DEGREE" type="string"/>
		<field name="GRAD_TIME" column="GRAD_TIME" type="date"/>
		<field name="HEIGHT" column="HEIGHT" type="long"/>
		<field name="WEIGHT" column="WEIGHT" type="long"/>
		<field name="EPIEMP_TYPE" column="EPIEMP_TYPE" type="string"/>
		<field name="CARD_TYPE" column="CARD_TYPE" type="string"/>
		<field name="CARD_NO" column="CARD_NO" type="string"/>
		<field name="ACCOUNT_ADRESS" column="ACCOUNT_ADRESS" type="string"/>
		<field name="ACCOUNT_TYPE" column="ACCOUNT_TYPE" type="string"/>
		<field name="PHONE" column="PHONE" type="string"/>
		<field name="CONTACTS" column="CONTACTS" type="string"/>
		<field name="CONTACTS_PHONE" column="CONTACTS_PHONE" type="string"/>
		<field name="DRIVING_TYPE" column="DRIVING_TYPE" type="string"/>
		<field name="DRIVING_AGE" column="DRIVING_AGE" type="string"/>
		<field name="RESERVE_POST" column="RESERVE_POST" type="string"/>
		<field name="SKILL" column="SKILL" type="string"/>
		<field name="POS_LEVEL" column="POS_LEVEL" type="string"/>
		<field name="IS_EMPLOYER" column="IS_EMPLOYER" type="long"/>
		<field name="BUS_MODE" column="BUS_MODE" type="string"/>
		<field name="IMPORT_TIME" column="IMPORT_TIME" type="date"/>
		<field name="IS_HAVEEQUIP" column="IS_HAVEEQUIP" type="long"/>
		<field name="TRAFFIC_TOOL" column="TRAFFIC_TOOL" type="string"/>
		
		<field name="NET_CODE" column="NET_CODE" type="string"/>
		
		<field name="GC_AREA_CODE" column="GC_AREA_CODE" type="string"/>
		<field name="GC_AREA" column="GC_AREA" type="string"/>
		<field name="GC_ORG_CODE" column="GC_ORG_CODE" type="string"/>
		<field name="GC_ORG" column="GC_ORG" type="string"/>
		
		<field name="OFFICE_PHONE" column="OFFICE_PHONE" type="string"/>
		<field name="EMAIL" column="EMAIL" type="string"/>
		<field name="EFFECT_DATE" column="EFFECT_DATE" type="date"/>
		<field name="IS_SFTOCOMP" column="IS_SFTOCOMP" type="long"/>
		<field name="REGISTER_DATE" column="REGISTER_DATE" type="date"/>
		
		
		<field name="GC_POSITION_NO" column="GC_POSITION_NO" type="string"/>
		<field name="GC_POSITION" column="GC_POSITION" type="string"/>
		<field name="GC_POSATTR" column="GC_POSATTR" type="string"/>
		<field name="SUPERIOR_NO" column="SUPERIOR_NO" type="string"/>
		<field name="SUPERIOR_NAME" column="SUPERIOR_NAME" type="string"/>
		<field name="STATUS" column="STATUS" type="long"/>
		<field name="REMARK" column="REMARK" type="string"/>
		<field name="CREATOR" column="CREATOR" type="string"/>
		<field name="CREATE_TIME" column="CREATE_TIME" type="date"/>
		<field name="UPDATOR" column="UPDATOR" type="string"/>
		<field name="UPDATE_TIME" column="UPDATE_TIME" type="date"/>
		
		<field name="OUT_DATE" column="OUT_DATE" type="date"/>
		<field name="FREEZE_FLAG" column="FREEZE_FLAG" type="string"/>
		<field name="GC_ORG_ID" column="GC_ORG_ID" type="long"/>
		<field name="GC_AREA_ID" column="GC_AREA_ID" type="long"/>
		<field name="LEAVE_DATE" column="LEAVE_DATE" type="date"/>
		
		<field name="FREEZE_DATE" column="FREEZE_DATE" type="date"/>
</epiemp>

<sysGlType name="sysGlType" table="SYS_GL_TYPE_SYNC" >
	<field name="TYPEID" column="TYPEID" type="long" id="Y"></field>
	<field name="TYPENAME" column="TYPENAME" type="string"></field>                                               
	<field name="PARENTID" column="PARENTID" type="long"></field>                    
	<field name="NODEKEY" column="NODEKEY" type="string"></field>                
	<field name="NODECODE" column="NODECODE" type="string"></field> 
	<field name="TYPENAMEZHTW" column="TYPENAMEZHTW" type="string"></field>
	<field name="TYPENAMEENUS" column="TYPENAMEENUS" type="string"></field>
</sysGlType>

</dometas> 