<?xml version="1.0" encoding="UTF-8"?>
<beans xmlns="http://www.springframework.org/schema/beans"
	xmlns:xsi="http://www.w3.org/2001/XMLSchema-instance" xmlns:aop="http://www.springframework.org/schema/aop"
	xmlns:tx="http://www.springframework.org/schema/tx" xmlns:jdbc="http://www.springframework.org/schema/jdbc"
	xmlns:p="http://www.springframework.org/schema/p"
	xmlns:remote="http://www.sf-pay.com/schema/remote"
	xsi:schemaLocation="http://www.springframework.org/schema/beans http://www.springframework.org/schema/beans/spring-beans-3.0.xsd
	  http://www.springframework.org/schema/jdbc http://www.springframework.org/schema/jdbc/spring-jdbc-3.0.xsd
	  http://www.springframework.org/schema/aop http://www.springframework.org/schema/aop/spring-aop-3.0.xsd
      http://www.springframework.org/schema/tx http://www.springframework.org/schema/tx/spring-tx-3.0.xsd
      http://www.sf-pay.com/schema/remote http://www.sf-pay.com/schema/remote/framework2-remote.xsd">
    
<!-- 	<remote:hessian app-name="ews">
		<remote:service beans-package="com.sfpay.ews.service" />
	</remote:hessian> -->
	
    <!-- 向外部获取服务，本系统作为消费者 -->
 	<remote:hessian app-name="${app.name}">
		<remote:reference read-timeout="5000">
			<remote:servers>
				<remote:server address="${SMS_SERVER}/hessian">
					<remote:proxies>
						<remote:proxy bean-name="smsService"
							interface-name="com.sfpay.pubcenter.sms.ISMSService" />
					</remote:proxies>
				</remote:server>
			</remote:servers>
			<remote:interceptors>
				<list>
					<ref bean="hessianClientLogInterceptor" />
				</list>
			</remote:interceptors>
		</remote:reference>
	</remote:hessian>
	
	<bean id="hessianClientLogInterceptor"
		class="com.sfpay.framework2.remote.caucho.client.HessianClientLogInterceptor" />
    
    <!-- 向外部提供服务，本系统作为服务提供方 -->
	<remote:hessian app-name="${app.name}">
		<remote:service beans-package="com.sfpay.ews.support.service.impl">
			<remote:interceptors>
				<list>
					<ref bean="hessianServiceLogInterceptor" />
				</list>
			</remote:interceptors>
		</remote:service>
	</remote:hessian>
	<remote:hessian app-name="${app.name}">
		<remote:service beans-package="com.sfpay.ews.service.impl">
			<remote:interceptors>
				<list>
					<ref bean="hessianServiceLogInterceptor" />
				</list>
			</remote:interceptors>
		</remote:service>
	</remote:hessian>
	<bean id="hessianServiceLogInterceptor"
		class="com.sfpay.framework2.remote.caucho.server.HessianServiceLogInterceptor" />
    
</beans> 

