<?xml version="1.0" encoding="UTF-8"?>
<beans xmlns="http://www.springframework.org/schema/beans"
	xmlns:xsi="http://www.w3.org/2001/XMLSchema-instance" xmlns:aop="http://www.springframework.org/schema/aop"
	xmlns:tx="http://www.springframework.org/schema/tx" xmlns:jdbc="http://www.springframework.org/schema/jdbc"
	xmlns:context="http://www.springframework.org/schema/context" xmlns:p="http://www.springframework.org/schema/p"
	xsi:schemaLocation="http://www.springframework.org/schema/context http://www.springframework.org/schema/context/spring-context-3.0.xsd
      http://www.springframework.org/schema/beans http://www.springframework.org/schema/beans/spring-beans-3.0.xsd          
      http://www.springframework.org/schema/jdbc http://www.springframework.org/schema/jdbc/spring-jdbc-3.0.xsd
      http://www.springframework.org/schema/tx http://www.springframework.org/schema/tx/spring-tx-3.0.xsd
      http://www.springframework.org/schema/aop http://www.springframework.org/schema/aop/spring-aop-3.0.xsd">


	    <!-- Spring Mail -->
	<bean id="mailSender" class="org.springframework.mail.javamail.JavaMailSenderImpl">
		<property name="host" value="${mail.host}"></property>
		<property name="javaMailProperties">
			<props>
				<prop key="mail.smtp.auth">true</prop>
				<prop key="mail.smtp.timeout">500</prop>
			</props>
		</property>
		<property name="username" value="${mail.from}" />
		<property name="password" value="${mail.pwd}" />
	</bean>

	<!-- SimpleMailMessage 模板 -->
	<bean id="simpleMailMessage" class="org.springframework.mail.SimpleMailMessage">
		<property name="from">
			<value>sfpay@sf-express.com.cn</value>
		</property>
		<property name="subject">
			<value>【请知悉】顺丰支付</value>
		</property>
	</bean>
    
    <!-- 单独配置需要启动线程池的类，采用延时启动初始化线程池，避免使用构造函数初始线程池而出现初始化两遍的情况 -->
	<bean id="sendSMSService" class="com.sfpay.ews.service.impl.SendSMSServiceImpl" lazy-init="true" init-method="init"></bean>
	
    
</beans> 

