<?xml version="1.0" encoding="UTF-8"?>
<beans xmlns="http://www.springframework.org/schema/beans"
	xmlns:xsi="http://www.w3.org/2001/XMLSchema-instance" xmlns:aop="http://www.springframework.org/schema/aop"
	xmlns:context="http://www.springframework.org/schema/context" xmlns:p="http://www.springframework.org/schema/p"
	xsi:schemaLocation="http://www.springframework.org/schema/context http://www.springframework.org/schema/context/spring-context-3.1.xsd          
      http://www.springframework.org/schema/beans http://www.springframework.org/schema/beans/spring-beans-3.1.xsd 
      http://www.springframework.org/schema/aop http://www.springframework.org/schema/aop/spring-aop-3.1.xsd">

	<!-- 激活annotation功能 -->
	<bean id="propertyConfigurer"
		class="com.sfpay.framework.config.properties.PropertyPlaceholderConfigurer">
		<property name="locations">
			<list>
				<value>classpath:${profile.properties}/*.properties</value>
			</list>
		</property>
	</bean>
	<context:annotation-config />
	<!-- 激活annotation功能 -->
	<context:spring-configured />
	
	<import resource="classpath:beans/beans-mq.xml"/>

	<!-- 扫描指定package下所有带有如@controller,@services,@resource,并把所注释的注册为Spring Beans -->
	
	<context:component-scan base-package="com.sfpay.sms.service.impl" />
	

	<bean id="multiThreadedHttpConnectionManager"  
        class="org.apache.commons.httpclient.MultiThreadedHttpConnectionManager">  
        <property  name="params">  
            <bean class="org.apache.commons.httpclient.params.HttpConnectionManagerParams">  
                <property name="maxTotalConnections"  value="100" />  
                <property name="defaultMaxConnectionsPerHost" value="30" />
                <property name="connectionTimeout" value="10000"/>
                <property name="soTimeout" value="30000"/>
            </bean>  
        </property>
    </bean>  

	<bean id="httpClient" class="org.apache.commons.httpclient.HttpClient">
		<property name="httpConnectionManager" ref="multiThreadedHttpConnectionManager"/>
	</bean>

</beans> 

