<?xml version="1.0" encoding="UTF-8"?>
<configuration>
	<substitutionProperty name="log.base" value="logs/sms" />
	<jmxConfigurator />
	<appender name="stdout" class="ch.qos.logback.core.ConsoleAppender">	
		<layout class="ch.qos.logback.classic.PatternLayout">
			<pattern>%date [%thread] %-5level %logger{80} - %msg%n</pattern>
		</layout>
	</appender>
	<appender name="logfile"
		class="ch.qos.logback.core.rolling.RollingFileAppender">
		<File>${log.base}/sms.log</File>
		<rollingPolicy class="ch.qos.logback.core.rolling.TimeBasedRollingPolicy">
			<FileNamePattern>${log.base}/sms_%d{yyyy-MM-dd}.log.zip
			</FileNamePattern>
		</rollingPolicy>
		<layout class="ch.qos.logback.classic.PatternLayout">
			<pattern>%date [%thread] %-5level %logger{80} - %msg%n</pattern>
		</layout>
	</appender>	
	
	<root>
		<level value="INFO" />
		<appender-ref ref="stdout" />
		<appender-ref ref="logfile" />
	</root>
</configuration>  