<?xml version="1.0" encoding="UTF-8"?>
<beans xmlns="http://www.springframework.org/schema/beans"
	xmlns:xsi="http://www.w3.org/2001/XMLSchema-instance" xmlns:aop="http://www.springframework.org/schema/aop"
	xmlns:tx="http://www.springframework.org/schema/tx" xmlns:jdbc="http://www.springframework.org/schema/jdbc"
	xmlns:context="http://www.springframework.org/schema/context" xmlns:p="http://www.springframework.org/schema/p"
	xmlns:jaxws="http://cxf.apache.org/jaxws"
	xsi:schemaLocation="http://www.springframework.org/schema/context http://www.springframework.org/schema/context/spring-context-3.0.xsd
      http://www.springframework.org/schema/beans http://www.springframework.org/schema/beans/spring-beans-3.0.xsd          
      http://www.springframework.org/schema/jdbc http://www.springframework.org/schema/jdbc/spring-jdbc-3.0.xsd
      http://www.springframework.org/schema/tx http://www.springframework.org/schema/tx/spring-tx-3.0.xsd
      http://www.springframework.org/schema/aop http://www.springframework.org/schema/aop/spring-aop-3.0.xsd
      http://cxf.apache.org/jaxws http://cxf.apache.org/schemas/jaxws.xsd">


	<context:component-scan base-package="com.sfpay" />

	<bean class="com.sf.module.esb.util.ToolsUtils" init-method="getPropertiesConfigFile">
		<property name="ResourceFile" value="${profile.properties}/sysconf.properties" />
	</bean>

	<!-- 配置文件读取的工具类,单例，dometa.xml文件路径可配置 -->
	<bean id="ConfigUtils" class="com.sf.module.esb.util.ConfigUtils"
		scope="singleton">
		<property name="dometaFilePath" value="../dometa.xml" />
	</bean>

	<!-- IdataTypeBiz接口的实现类 -->
	<bean id="hcmDefaultBizImpl" class="com.sf.module.esb.biz.HCMDefaultBizImpl">
		<property name="baseDao" ref="jdbcDAO"></property>
		<property name="conf" ref="ConfigUtils"></property>
	</bean>
	
	<bean id="esbInterfaceUtil" class="com.sfpay.datasync.waybill.util.EsbInterfaceUtil" >
		<property name="queryBillInfoPortTypeNew" ref="queryBillInfoPortTypeNew" />
		<property name="queryBillInfoPortTypeOld" ref="queryBillInfoPortTypeOld" />
		<property name="queryAllBarRecordPortTypeNew" ref="queryAllBarRecordPortTypeNew" />
		<property name="queryAllBarRecordPortTypeOld" ref="queryAllBarRecordPortTypeOld" />
		<property name="switchPath" value="${profile.properties}" />
	</bean>
	
	
	<!-- bigFileService服务的实现类 -->
	<bean id="bigFileServiceImpl" class="com.sfpay.datasync.sap.service.impl.BigFileServiceImpl">
		<property name="dataTypeBiz" ref="hcmDefaultBizImpl"></property>
		<property name="esbPropertiesPath" value="${esb.properties.path}" />
	</bean>

	<!-- bigFileService服务 接收从ESB发送过来的报文 -->
	<jaxws:endpoint id="bigFileService" address="/BigFileService"
		implementorClass="com.sfpay.datasync.sap.service.impl.BigFileServiceImpl">
		<jaxws:implementor ref="bigFileServiceImpl"></jaxws:implementor>
	</jaxws:endpoint>
	
	<!-- 资科下单调度系统webservice client -->
	<bean id="orderServiceClient" class="com.sfpay.datasync.order.webservice.IOrderService" 
		factory-bean="orderServiceClientFactory" factory-method="create"/>
    <bean id="orderServiceClientFactory" class="org.apache.cxf.jaxws.JaxWsProxyFactoryBean">
        <property name="serviceClass" value="com.sfpay.datasync.order.webservice.IOrderService"/>
        <property name="address" value="${ORDER_WS_URL}"/>
    </bean>
    
    <!-- 运单路由查询相关webservice client -->
    <!-- WQS运单查询 -->
    <bean id="queryBillInfoPortTypeNew" class="com.sfpay.datasync.waybill.webservice.querybillinfo.QueryBillInfoPortType" 
    	factory-bean="queryBillInfoFactoryNew" factory-method="create"/>
    <bean id="queryBillInfoFactoryNew" class="org.apache.cxf.jaxws.JaxWsProxyFactoryBean">
        <property name="serviceClass" value="com.sfpay.datasync.waybill.webservice.querybillinfo.QueryBillInfoPortType"/>
        <property name="address" value="${ESB_QUERYBILLINFO_URL}"/>
    </bean>
	<bean id="queryBillInfoPortTypeOld" class="com.sfpay.datasync.waybill.webservice.querybillinfo.QueryBillInfoPortType" 
    	factory-bean="queryBillInfoFactoryOld" factory-method="create"/>
    <bean id="queryBillInfoFactoryOld" class="org.apache.cxf.jaxws.JaxWsProxyFactoryBean">
        <property name="serviceClass" value="com.sfpay.datasync.waybill.webservice.querybillinfo.QueryBillInfoPortType"/>
        <property name="address" value="${WQS_QUERYBILLINFO_URL}"/>
    </bean>
    <bean id="queryAllBarRecordPortTypeNew" class="com.sfpay.datasync.waybill.webservice.queryallbarrecord.QueryAllBarRecordPortType" 
    	factory-bean="queryAllBarRecordPortTypeFactoryNew" factory-method="create"/>
    <bean id="queryAllBarRecordPortTypeFactoryNew" class="org.apache.cxf.jaxws.JaxWsProxyFactoryBean">
        <property name="serviceClass" value="com.sfpay.datasync.waybill.webservice.queryallbarrecord.QueryAllBarRecordPortType"/>
        <property name="address" value="${ESB_QUERYAllBARRECORD_URL}"/>
    </bean>
    <bean id="queryAllBarRecordPortTypeOld" class="com.sfpay.datasync.waybill.webservice.queryallbarrecord.QueryAllBarRecordPortType" 
    	factory-bean="queryAllBarRecordPortTypeFactoryOld" factory-method="create"/>
    <bean id="queryAllBarRecordPortTypeFactoryOld" class="org.apache.cxf.jaxws.JaxWsProxyFactoryBean">
        <property name="serviceClass" value="com.sfpay.datasync.waybill.webservice.queryallbarrecord.QueryAllBarRecordPortType"/>
        <property name="address" value="${WQS_QUERYAllBARRECORD_URL}"/>
    </bean>
    
</beans> 

