<?xml version="1.0" encoding="UTF-8"?>
<beans xmlns="http://www.springframework.org/schema/beans"
	xmlns:xsi="http://www.w3.org/2001/XMLSchema-instance" xmlns:aop="http://www.springframework.org/schema/aop"
	xmlns:tx="http://www.springframework.org/schema/tx" xmlns:jdbc="http://www.springframework.org/schema/jdbc"
	xmlns:context="http://www.springframework.org/schema/context" xmlns:p="http://www.springframework.org/schema/p"
	xsi:schemaLocation="http://www.springframework.org/schema/context http://www.springframework.org/schema/context/spring-context-3.0.xsd
      http://www.springframework.org/schema/beans http://www.springframework.org/schema/beans/spring-beans-3.0.xsd          
      http://www.springframework.org/schema/jdbc http://www.springframework.org/schema/jdbc/spring-jdbc-3.0.xsd
      http://www.springframework.org/schema/tx http://www.springframework.org/schema/tx/spring-tx-3.0.xsd
      http://www.springframework.org/schema/aop http://www.springframework.org/schema/aop/spring-aop-3.0.xsd">
	
	<!-- =============== HHT巴枪登录信息数据同步 =============== -->
	<!-- hht的mq配置 ConnectionFactory -->
	<bean id="hhtConnectionFactoryTarget" class="com.ibm.mq.jms.MQQueueConnectionFactory">
		<property name="transportType" value="1"/>
		<property name="queueManager" value="${hht.ibm.mq.queue.manager}" />
		<property name="hostName" value="${hht.ibm.mq.hostname}" />
		<property name="port" value="${hht.ibm.mq.port}" />
		<property name="channel" value="${hht.ibm.mq.channel}" />
		<property name="CCSID" value="${hht.ibm.mq.ccsid}" />
	</bean>
	<bean id="hhtConnectionFactory"
		class="org.springframework.jms.connection.UserCredentialsConnectionFactoryAdapter">
		<property name="targetConnectionFactory" ref="hhtConnectionFactoryTarget" />
	</bean>
	<!-- hht系统队列配置 -->	
	<bean id="hhtDestination" class="com.ibm.mq.jms.MQQueue">
			<constructor-arg index="0" value="${hht.ibm.mq.queue.manager}" />
			<constructor-arg index="1" value="${hht.ibm.mq.queue.name}" />
	</bean>	
	<bean id="hhtJmsContainer"
		class="org.springframework.jms.listener.DefaultMessageListenerContainer"
		lazy-init="false">
		<property name="connectionFactory" ref="hhtConnectionFactory" />
		<property name="destination" ref="hhtDestination" />
		<property name="messageListener" ref="hhtQueueListener" />
	</bean>
	<bean id="hhtQueueListener" class="com.sfpay.datasync.hht.mq.listener.HHTQueueListener" />

	
	<!-- =============== CMS机构信息数据同步 =============== -->
	<!-- cms的mq配置 ConnectionFactory -->
	<bean id="cmsConnectionFactoryTarget" class="com.ibm.mq.jms.MQQueueConnectionFactory">
			<property name="transportType" value="1"/>
			<property name="queueManager" value="${cms.ibm.mq.queue.manager}" />
			<property name="hostName" value="${cms.ibm.mq.hostname}" />
			<property name="port" value="${cms.ibm.mq.port}" />
		<property name="channel" value="${cms.ibm.mq.channel}" />
		<property name="CCSID" value="${cms.ibm.mq.ccsid}" />
	</bean>
	<bean id="cmsConnectionFactory"
		class="org.springframework.jms.connection.UserCredentialsConnectionFactoryAdapter">
		<property name="targetConnectionFactory" ref="cmsConnectionFactoryTarget" />
	</bean>
	<!-- cms系统队列配置=====start==== -->	
	<bean id="cmsDestination" class="com.ibm.mq.jms.MQQueue">
			<constructor-arg index="0" value="${cms.ibm.mq.queue.manager}" />
			<constructor-arg index="1" value="${cms.ibm.mq.queue.name}" />
	</bean>	
	<bean class="org.springframework.jms.listener.DefaultMessageListenerContainer"
		lazy-init="false">
		<property name="connectionFactory" ref="cmsConnectionFactory" />
		<property name="destination" ref="cmsDestination" />
		<property name="messageListener" ref="cmsQueueListener" />
	</bean>
	<bean id="cmsQueueListener" class="com.sfpay.datasync.cms.mq.listener.CMSQueueListener" />

	
	<!-- =============== 资科下单调度系统回调MQ配置 =============== -->
	<!-- 下单作业回调 的 ConnectionFactory -->
	<bean id="orderJobConnectionFactoryTarget" class="com.ibm.mq.jms.MQQueueConnectionFactory">
		<property name="transportType" value="1"/>
		<property name="queueManager" value="${order.job.ibm.mq.queue.manager}" />
		<property name="hostName" value="${order.job.ibm.mq.hostname}" />
		<property name="port" value="${order.job.ibm.mq.port}" />
		<property name="channel" value="${order.job.ibm.mq.channel}" />
		<property name="CCSID" value="${order.job.ibm.mq.ccsid}" />
	</bean>
	<bean id="orderJobConnectionFactory"
		class="org.springframework.jms.connection.UserCredentialsConnectionFactoryAdapter">
		<property name="targetConnectionFactory" ref="orderJobConnectionFactoryTarget" />
	</bean>
	<bean id="orderJObDestination" class="com.ibm.mq.jms.MQQueue">
			<constructor-arg index="0" value="${order.job.ibm.mq.queue.manager}" />
			<constructor-arg index="1" value="${order.job.ibm.mq.queue.name}" />
	</bean>	
	<bean id="orderJobJmsContainer" class="org.springframework.jms.listener.DefaultMessageListenerContainer"
		lazy-init="false">
		<property name="connectionFactory" ref="orderJobConnectionFactory" />
		<property name="destination" ref="orderJObDestination" />
		<property name="messageListener" ref="orderJobQueueListener" />
	</bean>
	<bean id="orderJobQueueListener" class="com.sfpay.datasync.order.mq.listener.ExpressOrderJobQueueListener" />
	
	<!-- 地址单元回调 的 ConnectionFactory -->
	<bean id="addrTeamConnectionFactoryTarget" class="com.ibm.mq.jms.MQQueueConnectionFactory">
		<property name="transportType" value="1"/>
		<property name="queueManager" value="${order.addrteam.ibm.mq.queue.manager}" />
		<property name="hostName" value="${order.addrteam.ibm.mq.hostname}" />
		<property name="port" value="${order.addrteam.ibm.mq.port}" />
		<property name="channel" value="${order.addrteam.ibm.mq.channel}" />
		<property name="CCSID" value="${order.addrteam.ibm.mq.ccsid}" />
	</bean>
	<bean id="addrTeamConnectionFactory"
		class="org.springframework.jms.connection.UserCredentialsConnectionFactoryAdapter">
		<property name="targetConnectionFactory" ref="addrTeamConnectionFactoryTarget" />
	</bean>
	<bean id="addrTeamDestination" class="com.ibm.mq.jms.MQQueue">
			<constructor-arg index="0" value="${order.addrteam.ibm.mq.queue.manager}" />
			<constructor-arg index="1" value="${order.addrteam.ibm.mq.queue.name}" />
	</bean>	
	<bean id="addrJmsContainer" class="org.springframework.jms.listener.DefaultMessageListenerContainer"
		lazy-init="false">
		<property name="connectionFactory" ref="addrTeamConnectionFactory" />
		<property name="destination" ref="addrTeamDestination" />
		<property name="messageListener" ref="addrTeamQueueListener" />
	</bean>
	<bean id="addrTeamQueueListener" class="com.sfpay.datasync.order.mq.listener.AddressTeamQueueListener" />
	
</beans> 
