<?xml version="1.0" encoding="UTF-8"?>
<beans xmlns="http://www.springframework.org/schema/beans"
	xmlns:xsi="http://www.w3.org/2001/XMLSchema-instance" xmlns:aop="http://www.springframework.org/schema/aop"
	xmlns:tx="http://www.springframework.org/schema/tx" xmlns:jdbc="http://www.springframework.org/schema/jdbc"
	xmlns:context="http://www.springframework.org/schema/context" xmlns:p="http://www.springframework.org/schema/p"
	xsi:schemaLocation="http://www.springframework.org/schema/context http://www.springframework.org/schema/context/spring-context-3.0.xsd
      http://www.springframework.org/schema/beans http://www.springframework.org/schema/beans/spring-beans-3.0.xsd          
      http://www.springframework.org/schema/jdbc http://www.springframework.org/schema/jdbc/spring-jdbc-3.0.xsd
      http://www.springframework.org/schema/tx http://www.springframework.org/schema/tx/spring-tx-3.0.xsd
      http://www.springframework.org/schema/aop http://www.springframework.org/schema/aop/spring-aop-3.0.xsd">


	<!-- 数据库JNDI -->
	<bean id="dataSource" class="org.springframework.jndi.JndiObjectFactoryBean">
       <property name="jndiName">
           <value>oms_ds</value>
       </property>
    </bean>
 
<!-- 	<bean id="dataSource" class="org.apache.commons.dbcp.BasicDataSource"
		destroy-method="close"
		p:driverClassName="${jdbc.driver}"
		p:url="${jdbc.url}"
		p:username="${jdbc.username}"
		p:password="${jdbc.password}"
		p:initialSize="${dataSource.initialSize}" p:minIdle="${dataSource.minIdle}"
		p:maxIdle="${dataSource.maxIdle}" p:maxWait="${dataSource.maxWait}"
		p:maxActive="${dataSource.maxActive}" p:logAbandoned="${dataSource.logAbandoned}"
		p:removeAbandoned="${dataSource.removeAbandoned}"
		p:removeAbandonedTimeout="${dataSource.removeAbandonedTimeout}" />  -->
	
	<!-- sap操作主数据DAO -->
	<bean id="jdbcDAO" class="com.sf.module.esb.dao.JdbcDAO">
		<property name="dataSource" ref="dataSource"></property>
	</bean>

	<!--配置事务管理器 -->
	<bean id="transactionManager"
		class="org.springframework.jdbc.datasource.DataSourceTransactionManager">
		<property name="dataSource" ref="dataSource"></property>
	</bean>
	
	<!--配置哪些方法,什么情况下需要回滚 -->
	<tx:advice id="serviceAdvice" transaction-manager="transactionManager">
		<tx:attributes>
			<!--当代理的service层中的方法抛出异常的时候才回滚,必须加rollback-for参数 -->
			<tx:method name="do*" propagation="REQUIRED" rollback-for="Throwable" />
			<!--除了上面标识的方法,其他方法全是只读方法 -->
			<tx:method name="*" read-only="true" /> 
		</tx:attributes>
	</tx:advice>
	
	<!-- 配置哪些类的方法需要进行事务管理 -->
	<aop:config proxy-target-class="true">
		<aop:pointcut id="servicePointcut" expression="execution(* com.sfpay.datasync.*.service.impl.*.*(..))" />
		<aop:advisor pointcut-ref="servicePointcut" advice-ref="serviceAdvice" />
	</aop:config>
	
	<!-- Mybatis's sqlSessionFactory config -->
	<bean id="sqlSessionFactory" class="org.mybatis.spring.SqlSessionFactoryBean"
		p:dataSource-ref="dataSource" p:configLocation="classpath:config/mybatis-config.xml" p:mapperLocations="classpath:mapper/**/*.xml" />
	
	<!-- 自动扫描了所有的XxxxMapper.java，这样就不用一个一个手动配置Mpper的映射了，只要Mapper接口类和Mapper映射文件对应起来就可以了。 -->
	<bean class="org.mybatis.spring.mapper.MapperScannerConfigurer">
		<property name="basePackage" value="com.sfpay.datasync.*.dao" />
	</bean>
</beans> 

