<?xml version="1.0" encoding="UTF-8"?>
<beans xmlns="http://www.springframework.org/schema/beans"
	xmlns:xsi="http://www.w3.org/2001/XMLSchema-instance" 
	xmlns:remote="http://www.sf-pay.com/schema/remote"
	xsi:schemaLocation="http://www.springframework.org/schema/beans 
		http://www.springframework.org/schema/beans/spring-beans-3.0.xsd
		http://www.sf-pay.com/schema/remote
		http://www.sf-pay.com/schema/remote/framework2-remote.xsd">
	<!-- 向外部提供服务，本系统作为服务提供方 -->
	<remote:hessian app-name="${app.name}">
		<remote:service beans-package="com.sfpay.datasync.order.service.impl"
			bean-name-prefix="/mobile/">
			<remote:interceptors>
				<list>
					<ref bean="hessianServiceLogInterceptor" />
				</list>
			</remote:interceptors>
		</remote:service>
	</remote:hessian>
	<remote:hessian app-name="${app.name}">
		<remote:service beans-package="com.sfpay.datasync.waybill.service.impl">
			<remote:interceptors>
				<list>
					<ref bean="hessianServiceLogInterceptor" />
				</list>
			</remote:interceptors>
		</remote:service>
	</remote:hessian>
	
	<bean id="hessianServiceLogInterceptor"
		class="com.sfpay.framework2.remote.caucho.server.HessianServiceLogInterceptor" />
		
	<!-- 向外部获取服务，本系统作为消费者 -->
	<!-- <remote:hessian app-name="${app.name}">
		<remote:reference read-timeout="5000">
			<remote:servers>
				<remote:server address="${OMS_SERVER}/hessian">
				  <remote:proxies>
				  	<remote:proxy bean-name="orgAccountService" interface-name="com.sfpay.organ.service.IOrgAccountService" />
				        <remote:proxy bean-name="sapEmpSyncDataAppService" interface-name="com.sfpay.datasync.sap.service.ISapEmpSyncDataAppService" />
				  </remote:proxies>	
				</remote:server>
			</remote:servers>
			<remote:interceptors>
				<list>
				  <ref bean="hessianClientLogInterceptor" />
				</list>
			</remote:interceptors>
		</remote:reference>
    </remote:hessian>
    <bean id="hessianClientLogInterceptor" class="com.sfpay.framework2.remote.caucho.client.HessianClientLogInterceptor" /> -->


</beans> 