<?xml version="1.0" encoding="UTF-8"?>
<configuration>
	<substitutionProperty name="log.proj" value="mail"/>
	<substitutionProperty name="log.base" value="logs/${log.proj}" />
	<jmxConfigurator />
	<appender name="stdout" class="ch.qos.logback.core.ConsoleAppender">	
		<layout class="ch.qos.logback.classic.PatternLayout">
			<pattern>%date [%thread] %-5level %logger{80} - %msg%n</pattern>
		</layout>
	</appender>
	<appender name="logfile"
		class="ch.qos.logback.core.rolling.RollingFileAppender">
		<File>${log.base}/mail.log</File>
		<rollingPolicy class="ch.qos.logback.core.rolling.TimeBasedRollingPolicy">
			<FileNamePattern>${log.base}/mail%d{yyyy-MM-dd}.%i.log</FileNamePattern>
			<timeBasedFileNamingAndTriggeringPolicy class="ch.qos.logback.core.rolling.SizeAndTimeBasedFNATP">  
	      		<maxFileSize>500MB</maxFileSize>  
	     	</timeBasedFileNamingAndTriggeringPolicy>  
		</rollingPolicy>
		<layout class="ch.qos.logback.classic.PatternLayout">
			<pattern>%date [%thread] %-5level %logger{80} - %msg%n</pattern>
		</layout>
	</appender>
	
	<root>
		<level value="DEBUG" />
		<appender-ref ref="logfile" />	
		<appender-ref ref="stdout" />		
	</root>
</configuration>  