<?xml version="1.0" encoding="UTF-8"?>
<!DOCTYPE configuration PUBLIC "-//mybatis.org//DTD Config 3.0//EN" "http://mybatis.org/dtd/mybatis-3-config.dtd">
<configuration>
	<!-- 基础设置 -->
	<settings>
		<!--全局启用或禁用延迟加载。当禁用时，所有关联对象都会即时加载。 -->
		<setting name="lazyLoadingEnabled" value="false" />
	</settings>

	<!-- 别名定义 -->
	<typeAliases>
		<typeAlias alias="string" type="java.lang.String" />
		<typeAlias alias="long" type="java.lang.Long" />
		<typeAlias alias="int" type="java.lang.Integer" />
		<typeAlias alias="date" type="java.util.Date" />	
		
	</typeAliases>

</configuration>
